path	bytes	sha256
accumulator_bounds.tsv	1236	be4b1aa98a608dfb322c0de9b43a72e1ca7662970c1e3640dd330bee5a345e81
asset_hashes.tsv	76802	2dbdbd18abe1ba126f12246b82c25821b9f74eb0ee9c324cb30aaaa062f64527
concat_placement.tsv	950	1fcbc83c821091f50e51e995120ba41802c2e75d9eb3f1e97e0fc88d5f0de233
fixture_manifest.tsv	85089	e8ad8f6cfb0974bbfe5d5ba386d3abc7cd441cda2438a597f9d7a8b4b5100077
operations.tsv	19027	f85a21702828f1e6cbb655490421a45f975de921abd50d659261c7d5ac86c333
ops.tsv	12080	35b7d6229daf40871bea2b7ec2e0119034ca0e75bb579631daf1435c7e302858
package.json	622	c922c1ccb1c5a73691bdaa154da46dcff40da3e49907d597365d9bc0e9d71e79
scale_encoding.tsv	176576	09f915c4d7bcb93347fed407f534e3b1d58505195fa4bf5b37876f2eb9380248
tensors.tsv	4773	a0ad581da58b25f8c6b8d1469a2fe86369d5b1dc13b6a29f1192fef12e49aa44
