selection_group	rank	image_id	source_path	source_sha256	input_path	input_sha256	shape	dtype	source_width	source_height	scale	pad_x	pad_y
large-loss	1	209356	/data/datasets/coco2017-independent-stage65b-r1/selected/images/000000209356.jpg	8368070b36491aa368f78b1b9b00e5eb1c7a84ecd0e460681b8cbdfa7ea6171c	/data/k1x-stage-runs/BANANA-YOLO26-XSLIM-STAGE65C-R1-A1-CPU-EP-LARGE-RECALL-DIVERGENCE-AND-TERMINAL-BOUNDARY-CAUSAL-DIAGNOSTIC-001/diagnostic-inputs/inputs/000000209356.nchw-f32.bin	37dc3c6811f3de970a9e16a891a314b8d45848fd0a51e50fce6c0d1340c617a4	1x3x640x640	float32	640	480	1.0	0.0	80.0
large-loss	2	157153	/data/datasets/coco2017-independent-stage65b-r1/selected/images/000000157153.jpg	9523ea7f9edf773a62a17aa4a9901df6598048dbdce0932c32c2d67a231a108e	/data/k1x-stage-runs/BANANA-YOLO26-XSLIM-STAGE65C-R1-A1-CPU-EP-LARGE-RECALL-DIVERGENCE-AND-TERMINAL-BOUNDARY-CAUSAL-DIAGNOSTIC-001/diagnostic-inputs/inputs/000000157153.nchw-f32.bin	69db223258c627fc2b93e88b3dd0f662eafd194fe271a8652d1fbf0d3f535e3d	1x3x640x640	float32	640	640	1.0	0.0	0.0
large-loss	3	555263	/data/datasets/coco2017-independent-stage65b-r1/selected/images/000000555263.jpg	cff24aac91fee878f0aea3788120584d156209435ab6510ef7195ee70454bf74	/data/k1x-stage-runs/BANANA-YOLO26-XSLIM-STAGE65C-R1-A1-CPU-EP-LARGE-RECALL-DIVERGENCE-AND-TERMINAL-BOUNDARY-CAUSAL-DIAGNOSTIC-001/diagnostic-inputs/inputs/000000555263.nchw-f32.bin	c7c577768cd2fe58e90eeb86f6da212a1c02b17a6db1fb560e340e198093f769	1x3x640x640	float32	480	640	1.0	80.0	0.0
large-loss	4	549409	/data/datasets/coco2017-independent-stage65b-r1/selected/images/000000549409.jpg	2d168ac0f5fce24fe55a29885d21702b3ad68059df59c2568d18e0d20cc6e351	/data/k1x-stage-runs/BANANA-YOLO26-XSLIM-STAGE65C-R1-A1-CPU-EP-LARGE-RECALL-DIVERGENCE-AND-TERMINAL-BOUNDARY-CAUSAL-DIAGNOSTIC-001/diagnostic-inputs/inputs/000000549409.nchw-f32.bin	b12736e98c1f06345c95af03054752a7e781eed3f8f3d67b404b19765061ab66	1x3x640x640	float32	500	375	1.2799999713897705	0.0	80.0
large-loss	5	239596	/data/datasets/coco2017-independent-stage65b-r1/selected/images/000000239596.jpg	52f228d3e5f88f75c3a4abe532e969859c6376101dd20c87d2f69cab31f1522d	/data/k1x-stage-runs/BANANA-YOLO26-XSLIM-STAGE65C-R1-A1-CPU-EP-LARGE-RECALL-DIVERGENCE-AND-TERMINAL-BOUNDARY-CAUSAL-DIAGNOSTIC-001/diagnostic-inputs/inputs/000000239596.nchw-f32.bin	fbfd781b5b8f09417ac102fd974604eb1ffeb637580ea74c0b80e1fe38e36aa2	1x3x640x640	float32	640	427	1.0	0.0	106.5
large-loss	6	254989	/data/datasets/coco2017-independent-stage65b-r1/selected/images/000000254989.jpg	b6183f50588b370cca6fac45ca5864a553a5ee6b7c87a72fbbbc7338fa10bd93	/data/k1x-stage-runs/BANANA-YOLO26-XSLIM-STAGE65C-R1-A1-CPU-EP-LARGE-RECALL-DIVERGENCE-AND-TERMINAL-BOUNDARY-CAUSAL-DIAGNOSTIC-001/diagnostic-inputs/inputs/000000254989.nchw-f32.bin	f7df435e968350671d2dcf7f01deceb4f545945462de85def49cd5a9265d17c3	1x3x640x640	float32	640	480	1.0	0.0	80.0
large-loss	7	294348	/data/datasets/coco2017-independent-stage65b-r1/selected/images/000000294348.jpg	55acb5099f725575351f6ce5d95b9b6ff4d45d71d74821eb20770de71b521fc4	/data/k1x-stage-runs/BANANA-YOLO26-XSLIM-STAGE65C-R1-A1-CPU-EP-LARGE-RECALL-DIVERGENCE-AND-TERMINAL-BOUNDARY-CAUSAL-DIAGNOSTIC-001/diagnostic-inputs/inputs/000000294348.nchw-f32.bin	63e7354cc082a78843bf60f9dbeb6be6ef7490ddaec4e05e2a0037b164e30451	1x3x640x640	float32	500	333	1.2799999713897705	0.0	107.0
large-loss	8	95295	/data/datasets/coco2017-independent-stage65b-r1/selected/images/000000095295.jpg	30e9756fd67cb2d90f29621ad1cc47ddf71570119f9530444bbb77857e281e06	/data/k1x-stage-runs/BANANA-YOLO26-XSLIM-STAGE65C-R1-A1-CPU-EP-LARGE-RECALL-DIVERGENCE-AND-TERMINAL-BOUNDARY-CAUSAL-DIAGNOSTIC-001/diagnostic-inputs/inputs/000000095295.nchw-f32.bin	908452793c6f377d0ab0970350ce3c31da1874944af40c587ab746ea862a7a77	1x3x640x640	float32	500	375	1.2799999713897705	0.0	80.0
large-loss	9	117300	/data/datasets/coco2017-independent-stage65b-r1/selected/images/000000117300.jpg	07a654e6c07baf72298c2bb7de29a439c07bdec513957937ba7b759d45aa7055	/data/k1x-stage-runs/BANANA-YOLO26-XSLIM-STAGE65C-R1-A1-CPU-EP-LARGE-RECALL-DIVERGENCE-AND-TERMINAL-BOUNDARY-CAUSAL-DIAGNOSTIC-001/diagnostic-inputs/inputs/000000117300.nchw-f32.bin	fe61e361b44977bb00f80ffa6fdd133a128d7b8b99aad00b2776abe541c34057	1x3x640x640	float32	494	640	1.0	73.0	0.0
large-loss	10	4731	/data/datasets/coco2017-independent-stage65b-r1/selected/images/000000004731.jpg	380bbbc8de969ec9d3dbe40f1ca3007d9106711ba111fdb58d8a02952c9be091	/data/k1x-stage-runs/BANANA-YOLO26-XSLIM-STAGE65C-R1-A1-CPU-EP-LARGE-RECALL-DIVERGENCE-AND-TERMINAL-BOUNDARY-CAUSAL-DIAGNOSTIC-001/diagnostic-inputs/inputs/000000004731.nchw-f32.bin	ecad1a6d45ec4d73641a7869d59b2a285261cd22eccacd975f732e109b97b8f0	1x3x640x640	float32	640	425	1.0	0.0	107.5
large-loss	11	143445	/data/datasets/coco2017-independent-stage65b-r1/selected/images/000000143445.jpg	949f15d166cbea596ef0ffb588b8cea5e6979d038b2b036566ed0d96726efd5b	/data/k1x-stage-runs/BANANA-YOLO26-XSLIM-STAGE65C-R1-A1-CPU-EP-LARGE-RECALL-DIVERGENCE-AND-TERMINAL-BOUNDARY-CAUSAL-DIAGNOSTIC-001/diagnostic-inputs/inputs/000000143445.nchw-f32.bin	76e510053a1af55767d633906752937fa58936c151fdc4d134c25297d2e74792	1x3x640x640	float32	375	500	1.2799999713897705	80.0	0.0
large-loss	12	209018	/data/datasets/coco2017-independent-stage65b-r1/selected/images/000000209018.jpg	3c92211179ceee89a44c16e9f8a67c3f883968276abe40abe7ead4031fb694fb	/data/k1x-stage-runs/BANANA-YOLO26-XSLIM-STAGE65C-R1-A1-CPU-EP-LARGE-RECALL-DIVERGENCE-AND-TERMINAL-BOUNDARY-CAUSAL-DIAGNOSTIC-001/diagnostic-inputs/inputs/000000209018.nchw-f32.bin	59bd3c49739a618c9268970cae52ef192cd8ef5ccd0466bf47aa3958f27a6e90	1x3x640x640	float32	640	639	1.0	0.0	0.5
large-loss	13	295575	/data/datasets/coco2017-independent-stage65b-r1/selected/images/000000295575.jpg	c372d23b90315a0eaa4d405ef7978ff1ab7ced9b75192e254b8c0982fe873987	/data/k1x-stage-runs/BANANA-YOLO26-XSLIM-STAGE65C-R1-A1-CPU-EP-LARGE-RECALL-DIVERGENCE-AND-TERMINAL-BOUNDARY-CAUSAL-DIAGNOSTIC-001/diagnostic-inputs/inputs/000000295575.nchw-f32.bin	d7ab65b10050f203c9d6cd88bab9c4e01c8abfb481e872b67d27862a1ae30eee	1x3x640x640	float32	640	351	1.0	0.0	144.5
large-loss	14	18654	/data/datasets/coco2017-independent-stage65b-r1/selected/images/000000018654.jpg	7511bbb3b6b96cbe8e19b7ec29a26a6538a7d955becf4094011325a6a33dcf3f	/data/k1x-stage-runs/BANANA-YOLO26-XSLIM-STAGE65C-R1-A1-CPU-EP-LARGE-RECALL-DIVERGENCE-AND-TERMINAL-BOUNDARY-CAUSAL-DIAGNOSTIC-001/diagnostic-inputs/inputs/000000018654.nchw-f32.bin	08a41e1c37a3a9936f5ab1b26c737daac0392c6d6d17ad3b7d343882098649b8	1x3x640x640	float32	640	427	1.0	0.0	106.5
large-loss	15	65420	/data/datasets/coco2017-independent-stage65b-r1/selected/images/000000065420.jpg	bb28aec2e2024f3822376ab1d3aca8a6486eea897744e7ee2c59ee546af2047e	/data/k1x-stage-runs/BANANA-YOLO26-XSLIM-STAGE65C-R1-A1-CPU-EP-LARGE-RECALL-DIVERGENCE-AND-TERMINAL-BOUNDARY-CAUSAL-DIAGNOSTIC-001/diagnostic-inputs/inputs/000000065420.nchw-f32.bin	4cbfe0a7971f578fa0ceaf412917dd60a7aa384cbbf2a77271197b74651205c8	1x3x640x640	float32	640	427	1.0	0.0	106.5
large-loss	16	82740	/data/datasets/coco2017-independent-stage65b-r1/selected/images/000000082740.jpg	6635ad6c6d7d540e7a085082be35b6e7e691494fc4194dc0fd24e89909660092	/data/k1x-stage-runs/BANANA-YOLO26-XSLIM-STAGE65C-R1-A1-CPU-EP-LARGE-RECALL-DIVERGENCE-AND-TERMINAL-BOUNDARY-CAUSAL-DIAGNOSTIC-001/diagnostic-inputs/inputs/000000082740.nchw-f32.bin	11361abc689eee4b23d012020702d2dfb269c6ffc86f6c825cb7d6b9118bed53	1x3x640x640	float32	640	438	1.0	0.0	101.0
large-loss	17	212197	/data/datasets/coco2017-independent-stage65b-r1/selected/images/000000212197.jpg	7d5d2bd8b0595717dd4551c20c2b02d4144110926593f5d5010ddd5e31bb679f	/data/k1x-stage-runs/BANANA-YOLO26-XSLIM-STAGE65C-R1-A1-CPU-EP-LARGE-RECALL-DIVERGENCE-AND-TERMINAL-BOUNDARY-CAUSAL-DIAGNOSTIC-001/diagnostic-inputs/inputs/000000212197.nchw-f32.bin	244c2e6f3328d91ef5a0408b10451364b36d5c8710540fc2f9d657b18bbbbaf8	1x3x640x640	float32	640	427	1.0	0.0	106.5
large-loss	18	217855	/data/datasets/coco2017-independent-stage65b-r1/selected/images/000000217855.jpg	d834cb5a68463788e368038add47d5097e2db9c7f22b77ef05da0d9502d14715	/data/k1x-stage-runs/BANANA-YOLO26-XSLIM-STAGE65C-R1-A1-CPU-EP-LARGE-RECALL-DIVERGENCE-AND-TERMINAL-BOUNDARY-CAUSAL-DIAGNOSTIC-001/diagnostic-inputs/inputs/000000217855.nchw-f32.bin	f6214ca7f0af0d44237e27b02d34d7b246eeaf812b39ea1a0f04b8df73b0db28	1x3x640x640	float32	480	640	1.0	80.0	0.0
large-loss	19	245971	/data/datasets/coco2017-independent-stage65b-r1/selected/images/000000245971.jpg	aed6090bef22d82548dddd71aa107802335a012ab9b2f167da6729ab2688e7ac	/data/k1x-stage-runs/BANANA-YOLO26-XSLIM-STAGE65C-R1-A1-CPU-EP-LARGE-RECALL-DIVERGENCE-AND-TERMINAL-BOUNDARY-CAUSAL-DIAGNOSTIC-001/diagnostic-inputs/inputs/000000245971.nchw-f32.bin	a3e5ea2ab6b65b8a603f1540bf1fd19b9a9f7f95c32aaea2d57aae917a381bac	1x3x640x640	float32	500	375	1.2799999713897705	0.0	80.0
large-loss	20	297620	/data/datasets/coco2017-independent-stage65b-r1/selected/images/000000297620.jpg	3794eff73e28b375597a7e31201b161d5b393f9d79de9500fdff10153d4a885c	/data/k1x-stage-runs/BANANA-YOLO26-XSLIM-STAGE65C-R1-A1-CPU-EP-LARGE-RECALL-DIVERGENCE-AND-TERMINAL-BOUNDARY-CAUSAL-DIAGNOSTIC-001/diagnostic-inputs/inputs/000000297620.nchw-f32.bin	890210d2ef41c8262f4ade90ce07edc94eddd72e81437ed5ee5347615d5a142f	1x3x640x640	float32	612	612	1.045751690864563	0.0	0.0
large-loss	21	308310	/data/datasets/coco2017-independent-stage65b-r1/selected/images/000000308310.jpg	9cc69b2cf96c7066d1a32de1ed370b13076921da90aa7cb279d3dc9be0c6f298	/data/k1x-stage-runs/BANANA-YOLO26-XSLIM-STAGE65C-R1-A1-CPU-EP-LARGE-RECALL-DIVERGENCE-AND-TERMINAL-BOUNDARY-CAUSAL-DIAGNOSTIC-001/diagnostic-inputs/inputs/000000308310.nchw-f32.bin	a11dfa246728135d3f9e81335c6654ee847367dae04a9da38a6427c41972abb7	1x3x640x640	float32	500	333	1.2799999713897705	0.0	107.0
large-loss	22	334032	/data/datasets/coco2017-independent-stage65b-r1/selected/images/000000334032.jpg	ca0078d35348954d0f781f80a9122bf6250aaa136a797cebd1683fbca3343472	/data/k1x-stage-runs/BANANA-YOLO26-XSLIM-STAGE65C-R1-A1-CPU-EP-LARGE-RECALL-DIVERGENCE-AND-TERMINAL-BOUNDARY-CAUSAL-DIAGNOSTIC-001/diagnostic-inputs/inputs/000000334032.nchw-f32.bin	528b9feae33323a2c37978a214676cdc25f6fe15de9b6e9dcc9cfd49b8836663	1x3x640x640	float32	640	330	1.0	0.0	155.0
large-loss	23	375194	/data/datasets/coco2017-independent-stage65b-r1/selected/images/000000375194.jpg	4962e8e6a78d564a27b29255668657d987ece50f24e3febb4f13e6243add33cf	/data/k1x-stage-runs/BANANA-YOLO26-XSLIM-STAGE65C-R1-A1-CPU-EP-LARGE-RECALL-DIVERGENCE-AND-TERMINAL-BOUNDARY-CAUSAL-DIAGNOSTIC-001/diagnostic-inputs/inputs/000000375194.nchw-f32.bin	7ec368044f037e607f8b93893328ac09ee0a64044b0a42ed95643487e4f33274	1x3x640x640	float32	500	375	1.2799999713897705	0.0	80.0
large-loss	24	375759	/data/datasets/coco2017-independent-stage65b-r1/selected/images/000000375759.jpg	eee512aeb82707dc2df740cdfa105e8073231156c7bb2097a070f9fea17d550b	/data/k1x-stage-runs/BANANA-YOLO26-XSLIM-STAGE65C-R1-A1-CPU-EP-LARGE-RECALL-DIVERGENCE-AND-TERMINAL-BOUNDARY-CAUSAL-DIAGNOSTIC-001/diagnostic-inputs/inputs/000000375759.nchw-f32.bin	0643992e36bbbab346069c8d199bacf1e3d00bd615a17094a01b00f6c57231c1	1x3x640x640	float32	640	427	1.0	0.0	106.5
large-loss	25	389157	/data/datasets/coco2017-independent-stage65b-r1/selected/images/000000389157.jpg	3174012fdfe27641852be82d10ab62a850919675aaabc414d0cf7b2c64eea669	/data/k1x-stage-runs/BANANA-YOLO26-XSLIM-STAGE65C-R1-A1-CPU-EP-LARGE-RECALL-DIVERGENCE-AND-TERMINAL-BOUNDARY-CAUSAL-DIAGNOSTIC-001/diagnostic-inputs/inputs/000000389157.nchw-f32.bin	0a467827568ffd1f04f5f2b7790aeddb70a076a9ea5a0f880a6d39c5dab34ba0	1x3x640x640	float32	500	333	1.2799999713897705	0.0	107.0
large-loss	26	424632	/data/datasets/coco2017-independent-stage65b-r1/selected/images/000000424632.jpg	32eef021d3824946e96ffca591e3f76f99bcf687fd26112262d0e3c485b5dcd1	/data/k1x-stage-runs/BANANA-YOLO26-XSLIM-STAGE65C-R1-A1-CPU-EP-LARGE-RECALL-DIVERGENCE-AND-TERMINAL-BOUNDARY-CAUSAL-DIAGNOSTIC-001/diagnostic-inputs/inputs/000000424632.nchw-f32.bin	6aa9581cdea7ebd5f2e8f924d70aebd7741bc85c0f64e87c23fc9bfdbea084ae	1x3x640x640	float32	375	500	1.2799999713897705	80.0	0.0
large-loss	27	430175	/data/datasets/coco2017-independent-stage65b-r1/selected/images/000000430175.jpg	bd7e5085dc11c3210ed705b824fa36287bc41f7997cbfa54dcc2995b3eaf20f8	/data/k1x-stage-runs/BANANA-YOLO26-XSLIM-STAGE65C-R1-A1-CPU-EP-LARGE-RECALL-DIVERGENCE-AND-TERMINAL-BOUNDARY-CAUSAL-DIAGNOSTIC-001/diagnostic-inputs/inputs/000000430175.nchw-f32.bin	2b730225e465da4f052cfdc2f0f86f0badfa343a9e13cbad78f3a955201939ca	1x3x640x640	float32	640	360	1.0	0.0	140.0
large-loss	28	469014	/data/datasets/coco2017-independent-stage65b-r1/selected/images/000000469014.jpg	c19ab441676ff0c943a02c091bd692c0ef166c55d8949b6b0567174c2f1b2e74	/data/k1x-stage-runs/BANANA-YOLO26-XSLIM-STAGE65C-R1-A1-CPU-EP-LARGE-RECALL-DIVERGENCE-AND-TERMINAL-BOUNDARY-CAUSAL-DIAGNOSTIC-001/diagnostic-inputs/inputs/000000469014.nchw-f32.bin	687c5f012f0ab7db7142547b29aa5fc1cd7262cae57229907eca819ca8bda018	1x3x640x640	float32	640	480	1.0	0.0	80.0
large-loss	29	473793	/data/datasets/coco2017-independent-stage65b-r1/selected/images/000000473793.jpg	2d0a77c01d5ddc583f0dfca703f3a55cc6723c4c16b1d973a74648804cc344e6	/data/k1x-stage-runs/BANANA-YOLO26-XSLIM-STAGE65C-R1-A1-CPU-EP-LARGE-RECALL-DIVERGENCE-AND-TERMINAL-BOUNDARY-CAUSAL-DIAGNOSTIC-001/diagnostic-inputs/inputs/000000473793.nchw-f32.bin	f089e76366c29606c6b5517c72efb5d42407298f77145d35bd5b49e74885d1b6	1x3x640x640	float32	640	480	1.0	0.0	80.0
large-loss	30	533239	/data/datasets/coco2017-independent-stage65b-r1/selected/images/000000533239.jpg	88a6ea4f5f3a2eeac0c2b315a6624b2584c91ce9bbad74b262227837a87ba54f	/data/k1x-stage-runs/BANANA-YOLO26-XSLIM-STAGE65C-R1-A1-CPU-EP-LARGE-RECALL-DIVERGENCE-AND-TERMINAL-BOUNDARY-CAUSAL-DIAGNOSTIC-001/diagnostic-inputs/inputs/000000533239.nchw-f32.bin	611a3b8ff83851feeb34c818ffa2ad16add569131076e2535bb01d52d786b798	1x3x640x640	float32	640	541	1.0	0.0	49.5
large-loss	31	540520	/data/datasets/coco2017-independent-stage65b-r1/selected/images/000000540520.jpg	0fc670670aaccdcc04a187cdd30f84713f724ec96a12028044e181ead874c4b2	/data/k1x-stage-runs/BANANA-YOLO26-XSLIM-STAGE65C-R1-A1-CPU-EP-LARGE-RECALL-DIVERGENCE-AND-TERMINAL-BOUNDARY-CAUSAL-DIAGNOSTIC-001/diagnostic-inputs/inputs/000000540520.nchw-f32.bin	a8ff292dd3237c5b3ad8e89c9bfe0f2fa4ba0b89cb6ec3756b1a96cd2b97c2e7	1x3x640x640	float32	640	427	1.0	0.0	106.5
large-loss	32	2471	/data/datasets/coco2017-independent-stage65b-r1/selected/images/000000002471.jpg	203739015694c1c36050e897b00dc33967c65882917eadf2c08d1bde55e5e111	/data/k1x-stage-runs/BANANA-YOLO26-XSLIM-STAGE65C-R1-A1-CPU-EP-LARGE-RECALL-DIVERGENCE-AND-TERMINAL-BOUNDARY-CAUSAL-DIAGNOSTIC-001/diagnostic-inputs/inputs/000000002471.nchw-f32.bin	be21a46b5b0a2f55a84072f3da3534796e64ed9c3ebd92f09f696e3d9eb9cd7f	1x3x640x640	float32	481	640	1.0	79.5	0.0
small-loss	1	94439	/data/datasets/coco2017-independent-stage65b-r1/selected/images/000000094439.jpg	6d38498063b4aaf3c69e3106ca2ca9a4073b3f5158292fe9d5c741e52f4b2867	/data/k1x-stage-runs/BANANA-YOLO26-XSLIM-STAGE65C-R1-A1-CPU-EP-LARGE-RECALL-DIVERGENCE-AND-TERMINAL-BOUNDARY-CAUSAL-DIAGNOSTIC-001/diagnostic-inputs/inputs/000000094439.nchw-f32.bin	48eb0fd6f8bf082055f32a4b254ece612da6d6b0eda01c38466c5513a2979963	1x3x640x640	float32	500	375	1.2799999713897705	0.0	80.0
small-loss	2	237759	/data/datasets/coco2017-independent-stage65b-r1/selected/images/000000237759.jpg	06e2c27ddd2664f99b2ef6956aa560c29917c13b6f44cc1a9f99afd20320f797	/data/k1x-stage-runs/BANANA-YOLO26-XSLIM-STAGE65C-R1-A1-CPU-EP-LARGE-RECALL-DIVERGENCE-AND-TERMINAL-BOUNDARY-CAUSAL-DIAGNOSTIC-001/diagnostic-inputs/inputs/000000237759.nchw-f32.bin	c8e9abe3fd76eabe0cea3f22152607ec71ceb5f4cd895ced484781daa1af5ae9	1x3x640x640	float32	640	480	1.0	0.0	80.0
small-loss	3	441012	/data/datasets/coco2017-independent-stage65b-r1/selected/images/000000441012.jpg	4c07ac45d2d175bbc6d24daa0f523c98b9bca21a844d3cbde3ef84662956d5bf	/data/k1x-stage-runs/BANANA-YOLO26-XSLIM-STAGE65C-R1-A1-CPU-EP-LARGE-RECALL-DIVERGENCE-AND-TERMINAL-BOUNDARY-CAUSAL-DIAGNOSTIC-001/diagnostic-inputs/inputs/000000441012.nchw-f32.bin	8b73bf87defc454cd4d38b011a0a51a890c44c4d55c8391236140e5b7201971e	1x3x640x640	float32	640	427	1.0	0.0	106.5
small-loss	4	365947	/data/datasets/coco2017-independent-stage65b-r1/selected/images/000000365947.jpg	617dc3ea02161de54ca309325d97ede496a7795c889d154a806bfae0f655384e	/data/k1x-stage-runs/BANANA-YOLO26-XSLIM-STAGE65C-R1-A1-CPU-EP-LARGE-RECALL-DIVERGENCE-AND-TERMINAL-BOUNDARY-CAUSAL-DIAGNOSTIC-001/diagnostic-inputs/inputs/000000365947.nchw-f32.bin	e1094149d07ba980568718c120b34702743d660b91260c8eb6a1810cbfb1eeaf	1x3x640x640	float32	640	480	1.0	0.0	80.0
small-loss	5	430122	/data/datasets/coco2017-independent-stage65b-r1/selected/images/000000430122.jpg	c921b64bfb5d5d7d7ee2e3b0a55242c4d0086739fff6ebde7e926882781335a1	/data/k1x-stage-runs/BANANA-YOLO26-XSLIM-STAGE65C-R1-A1-CPU-EP-LARGE-RECALL-DIVERGENCE-AND-TERMINAL-BOUNDARY-CAUSAL-DIAGNOSTIC-001/diagnostic-inputs/inputs/000000430122.nchw-f32.bin	46b2e1bbeb8287b03dd8918a8532834ef6cf7570dbfb5b75b7f58e9f956a0daa	1x3x640x640	float32	500	337	1.2799999713897705	0.0	104.5
small-loss	6	249184	/data/datasets/coco2017-independent-stage65b-r1/selected/images/000000249184.jpg	37ed0c950988611b4cdf3761783fae8e035393b6c3917bd30e98a3e461590a68	/data/k1x-stage-runs/BANANA-YOLO26-XSLIM-STAGE65C-R1-A1-CPU-EP-LARGE-RECALL-DIVERGENCE-AND-TERMINAL-BOUNDARY-CAUSAL-DIAGNOSTIC-001/diagnostic-inputs/inputs/000000249184.nchw-f32.bin	870822145c8df0baf99635da3b210ba608b2c776a92fd15769eb81c4571e512a	1x3x640x640	float32	640	480	1.0	0.0	80.0
small-loss	7	495956	/data/datasets/coco2017-independent-stage65b-r1/selected/images/000000495956.jpg	9e252744ac9dd48470e102a1c9f63471d5908fdfd786270d8a659513b1cc3ecb	/data/k1x-stage-runs/BANANA-YOLO26-XSLIM-STAGE65C-R1-A1-CPU-EP-LARGE-RECALL-DIVERGENCE-AND-TERMINAL-BOUNDARY-CAUSAL-DIAGNOSTIC-001/diagnostic-inputs/inputs/000000495956.nchw-f32.bin	25deba3f7c55d159d4ca62a07a7a151c6a967b81b3df1e9dcee1bfae05b0e578	1x3x640x640	float32	640	480	1.0	0.0	80.0
small-loss	8	272807	/data/datasets/coco2017-independent-stage65b-r1/selected/images/000000272807.jpg	4e6d6cfb7eb6db45df99e7626301f8bae9a1ea8fefba8a768fea9fcee5cbd9b3	/data/k1x-stage-runs/BANANA-YOLO26-XSLIM-STAGE65C-R1-A1-CPU-EP-LARGE-RECALL-DIVERGENCE-AND-TERMINAL-BOUNDARY-CAUSAL-DIAGNOSTIC-001/diagnostic-inputs/inputs/000000272807.nchw-f32.bin	39a79f592d78833e14e741aa450e6f53302c0121aa487956a6fbead42bfba9b1	1x3x640x640	float32	640	408	1.0	0.0	116.0
small-loss	9	192091	/data/datasets/coco2017-independent-stage65b-r1/selected/images/000000192091.jpg	b2c2b90736e76513f5f5cdef71ad35da10b24fa2829ad9a7c1f6939924f65453	/data/k1x-stage-runs/BANANA-YOLO26-XSLIM-STAGE65C-R1-A1-CPU-EP-LARGE-RECALL-DIVERGENCE-AND-TERMINAL-BOUNDARY-CAUSAL-DIAGNOSTIC-001/diagnostic-inputs/inputs/000000192091.nchw-f32.bin	6f8ec9650f0076588bbfedf59dca3054e7bae815e2f2326aa34a7ced8bdc6651	1x3x640x640	float32	640	309	1.0	0.0	165.5
small-loss	10	301783	/data/datasets/coco2017-independent-stage65b-r1/selected/images/000000301783.jpg	9bf1ab80c747f24562bb767abc9fb684ba2cdcfdcbc34ec46d214171293c8321	/data/k1x-stage-runs/BANANA-YOLO26-XSLIM-STAGE65C-R1-A1-CPU-EP-LARGE-RECALL-DIVERGENCE-AND-TERMINAL-BOUNDARY-CAUSAL-DIAGNOSTIC-001/diagnostic-inputs/inputs/000000301783.nchw-f32.bin	f9ef300da75f420962c68d418a54d464a2b4652323f381257577ef5753cefc9f	1x3x640x640	float32	640	426	1.0	0.0	107.0
small-loss	11	6522	/data/datasets/coco2017-independent-stage65b-r1/selected/images/000000006522.jpg	fb2d847fc60321644a14af7f24884542e8332b6c0f3f28042ae95d5c2a0ade01	/data/k1x-stage-runs/BANANA-YOLO26-XSLIM-STAGE65C-R1-A1-CPU-EP-LARGE-RECALL-DIVERGENCE-AND-TERMINAL-BOUNDARY-CAUSAL-DIAGNOSTIC-001/diagnostic-inputs/inputs/000000006522.nchw-f32.bin	960ae35d6b574105426912c49c38bf29cdbfce2d7b3a42b9bb65aca1a9b01a1c	1x3x640x640	float32	480	640	1.0	80.0	0.0
small-loss	12	150867	/data/datasets/coco2017-independent-stage65b-r1/selected/images/000000150867.jpg	a9e4fddef2f68fcf97512b688c6b3d272ed9843366aaf676f5c25763c08aedd6	/data/k1x-stage-runs/BANANA-YOLO26-XSLIM-STAGE65C-R1-A1-CPU-EP-LARGE-RECALL-DIVERGENCE-AND-TERMINAL-BOUNDARY-CAUSAL-DIAGNOSTIC-001/diagnostic-inputs/inputs/000000150867.nchw-f32.bin	e6fd67b79690b896b1d3881ee1e323d31eb94ea3eb19f58ffdd5e6419082e0fe	1x3x640x640	float32	640	480	1.0	0.0	80.0
small-loss	13	184585	/data/datasets/coco2017-independent-stage65b-r1/selected/images/000000184585.jpg	1b6b090a6e5054d173546591d0cd5ee145a0f1a9e9256ec3a01fce70fd0276f2	/data/k1x-stage-runs/BANANA-YOLO26-XSLIM-STAGE65C-R1-A1-CPU-EP-LARGE-RECALL-DIVERGENCE-AND-TERMINAL-BOUNDARY-CAUSAL-DIAGNOSTIC-001/diagnostic-inputs/inputs/000000184585.nchw-f32.bin	b40ddb733b621579e2d21c5994bb447b38a635eda990d182935430484d6f22e7	1x3x640x640	float32	640	479	1.0	0.0	80.5
small-loss	14	531894	/data/datasets/coco2017-independent-stage65b-r1/selected/images/000000531894.jpg	d9bc2c6b282738d3823d9202f0c5b1b5f482e3caa212136acdea25a3fd51e85b	/data/k1x-stage-runs/BANANA-YOLO26-XSLIM-STAGE65C-R1-A1-CPU-EP-LARGE-RECALL-DIVERGENCE-AND-TERMINAL-BOUNDARY-CAUSAL-DIAGNOSTIC-001/diagnostic-inputs/inputs/000000531894.nchw-f32.bin	99fe8146837bd9cf2a9582526c23659f0d698ea420553a92af75e6727158d723	1x3x640x640	float32	500	333	1.2799999713897705	0.0	107.0
small-loss	15	170232	/data/datasets/coco2017-independent-stage65b-r1/selected/images/000000170232.jpg	42105ffb9f61069a08035cab1292b9a380dedac54a9e6d82ab39330d0729948d	/data/k1x-stage-runs/BANANA-YOLO26-XSLIM-STAGE65C-R1-A1-CPU-EP-LARGE-RECALL-DIVERGENCE-AND-TERMINAL-BOUNDARY-CAUSAL-DIAGNOSTIC-001/diagnostic-inputs/inputs/000000170232.nchw-f32.bin	54d94aa52259878c0662ab291c3884497ca1012f3dc752fbfb1e35bcc490d437	1x3x640x640	float32	640	480	1.0	0.0	80.0
small-loss	16	211919	/data/datasets/coco2017-independent-stage65b-r1/selected/images/000000211919.jpg	ab417103ee1574af8b135a50a8b147f1bed791af77998fba9515b5a797dcbc65	/data/k1x-stage-runs/BANANA-YOLO26-XSLIM-STAGE65C-R1-A1-CPU-EP-LARGE-RECALL-DIVERGENCE-AND-TERMINAL-BOUNDARY-CAUSAL-DIAGNOSTIC-001/diagnostic-inputs/inputs/000000211919.nchw-f32.bin	0e90e3359c2fe71563a38041443047a47dd443e819429b04d483b7d95710f2e2	1x3x640x640	float32	640	479	1.0	0.0	80.5
matched-control	1	95161	/data/datasets/coco2017-independent-stage65b-r1/selected/images/000000095161.jpg	0f5f303ae60ccc59b02b1af2f2522d44130b861d5cf0b110ce1f5b6880fdb127	/data/k1x-stage-runs/BANANA-YOLO26-XSLIM-STAGE65C-R1-A1-CPU-EP-LARGE-RECALL-DIVERGENCE-AND-TERMINAL-BOUNDARY-CAUSAL-DIAGNOSTIC-001/diagnostic-inputs/inputs/000000095161.nchw-f32.bin	bb4925b630478b953246949117fc577ca2c8ae1f19bdda63fa01daf2675b6ab6	1x3x640x640	float32	640	428	1.0	0.0	106.0
matched-control	2	104344	/data/datasets/coco2017-independent-stage65b-r1/selected/images/000000104344.jpg	6b0b64cdace6bef5e6816bc8511e177ffce0a28055e6e4461496f0f56b48ebbf	/data/k1x-stage-runs/BANANA-YOLO26-XSLIM-STAGE65C-R1-A1-CPU-EP-LARGE-RECALL-DIVERGENCE-AND-TERMINAL-BOUNDARY-CAUSAL-DIAGNOSTIC-001/diagnostic-inputs/inputs/000000104344.nchw-f32.bin	d8a817fc19cbbaf75807c8f2c6cf7058b243d26db33c7f1c76b0b1c59269d283	1x3x640x640	float32	612	612	1.045751690864563	0.0	0.0
matched-control	3	343534	/data/datasets/coco2017-independent-stage65b-r1/selected/images/000000343534.jpg	028cba5ed6b04dc5797401d2c903cf6b2dba9d31bb87e0146cb13429c810d2c4	/data/k1x-stage-runs/BANANA-YOLO26-XSLIM-STAGE65C-R1-A1-CPU-EP-LARGE-RECALL-DIVERGENCE-AND-TERMINAL-BOUNDARY-CAUSAL-DIAGNOSTIC-001/diagnostic-inputs/inputs/000000343534.nchw-f32.bin	ac9feef78a1f2e52e0029a38bf1d7a2d8cbe6b8dce4d1bb7c74008542c957208	1x3x640x640	float32	500	454	1.2799999713897705	0.0	29.5
matched-control	4	412167	/data/datasets/coco2017-independent-stage65b-r1/selected/images/000000412167.jpg	61e9aebc4835646a71094cba2de3eeb30405e33853c71aedac4ce6e8dec5dcca	/data/k1x-stage-runs/BANANA-YOLO26-XSLIM-STAGE65C-R1-A1-CPU-EP-LARGE-RECALL-DIVERGENCE-AND-TERMINAL-BOUNDARY-CAUSAL-DIAGNOSTIC-001/diagnostic-inputs/inputs/000000412167.nchw-f32.bin	191c54bc51da5bd3d6a9a9f594db5e993ccce810069d3a9ea52d6d4ed696932b	1x3x640x640	float32	640	571	1.0	0.0	34.5
matched-control	5	371029	/data/datasets/coco2017-independent-stage65b-r1/selected/images/000000371029.jpg	d7c79878e49ae3d23f02295e181a49655487d27e08a3b0c44ddad7a60242876d	/data/k1x-stage-runs/BANANA-YOLO26-XSLIM-STAGE65C-R1-A1-CPU-EP-LARGE-RECALL-DIVERGENCE-AND-TERMINAL-BOUNDARY-CAUSAL-DIAGNOSTIC-001/diagnostic-inputs/inputs/000000371029.nchw-f32.bin	e911dd48f595e480c9ae10eb98e75895f56601a20e2809e71b8f451151178ef1	1x3x640x640	float32	640	480	1.0	0.0	80.0
matched-control	6	38204	/data/datasets/coco2017-independent-stage65b-r1/selected/images/000000038204.jpg	6230c0a914512939d23e24751b833ec7c4ac3609e911086649c18c2f35380455	/data/k1x-stage-runs/BANANA-YOLO26-XSLIM-STAGE65C-R1-A1-CPU-EP-LARGE-RECALL-DIVERGENCE-AND-TERMINAL-BOUNDARY-CAUSAL-DIAGNOSTIC-001/diagnostic-inputs/inputs/000000038204.nchw-f32.bin	d821c2ece19a6ea1b837cda2d60fd3e4a0a93633d57e124f81be988e3fa8f024	1x3x640x640	float32	640	480	1.0	0.0	80.0
matched-control	7	72463	/data/datasets/coco2017-independent-stage65b-r1/selected/images/000000072463.jpg	e513991f120ff736a9cd36b8cf6bab23ef1289eaa0430711bb7e0214f9c2386c	/data/k1x-stage-runs/BANANA-YOLO26-XSLIM-STAGE65C-R1-A1-CPU-EP-LARGE-RECALL-DIVERGENCE-AND-TERMINAL-BOUNDARY-CAUSAL-DIAGNOSTIC-001/diagnostic-inputs/inputs/000000072463.nchw-f32.bin	36d19dd3a6dc1493a1d14d92eb4f3808180836fa978526ad80a4ef9f6e70ac1d	1x3x640x640	float32	640	426	1.0	0.0	107.0
matched-control	8	139914	/data/datasets/coco2017-independent-stage65b-r1/selected/images/000000139914.jpg	8afba5247438b02d9019d6b20e7b7ce4f07e4ad985bf77c190e9feeeba39f1b8	/data/k1x-stage-runs/BANANA-YOLO26-XSLIM-STAGE65C-R1-A1-CPU-EP-LARGE-RECALL-DIVERGENCE-AND-TERMINAL-BOUNDARY-CAUSAL-DIAGNOSTIC-001/diagnostic-inputs/inputs/000000139914.nchw-f32.bin	c2612003d9e3cf3fff303a16f2bcaf25966b445e375f3fd9f9c9888b41ba3586	1x3x640x640	float32	480	640	1.0	80.0	0.0
matched-control	9	59483	/data/datasets/coco2017-independent-stage65b-r1/selected/images/000000059483.jpg	9ca7fe299bc76e09dd3e556462dcd79136350ba84963acf0538d6bca77e857e3	/data/k1x-stage-runs/BANANA-YOLO26-XSLIM-STAGE65C-R1-A1-CPU-EP-LARGE-RECALL-DIVERGENCE-AND-TERMINAL-BOUNDARY-CAUSAL-DIAGNOSTIC-001/diagnostic-inputs/inputs/000000059483.nchw-f32.bin	9df30d468cc7900bc667397bc3e9fa0cdeb6f39a359ef24703e7d20234cad5ad	1x3x640x640	float32	640	429	1.0	0.0	105.5
matched-control	10	277563	/data/datasets/coco2017-independent-stage65b-r1/selected/images/000000277563.jpg	4baa55dfe9d18d6792ef992f05494436e3bb197ee9fb089997ddf0e4c2a68402	/data/k1x-stage-runs/BANANA-YOLO26-XSLIM-STAGE65C-R1-A1-CPU-EP-LARGE-RECALL-DIVERGENCE-AND-TERMINAL-BOUNDARY-CAUSAL-DIAGNOSTIC-001/diagnostic-inputs/inputs/000000277563.nchw-f32.bin	56375341a082e17fcf7038b36fefc5cdd20d68c6cb1cf78063a04f39e28151a9	1x3x640x640	float32	640	426	1.0	0.0	107.0
matched-control	11	37566	/data/datasets/coco2017-independent-stage65b-r1/selected/images/000000037566.jpg	676778d63e3761a2a5f0ccfc7fbb464bfd5a7a64ec13a8903c0fdf3568d400f2	/data/k1x-stage-runs/BANANA-YOLO26-XSLIM-STAGE65C-R1-A1-CPU-EP-LARGE-RECALL-DIVERGENCE-AND-TERMINAL-BOUNDARY-CAUSAL-DIAGNOSTIC-001/diagnostic-inputs/inputs/000000037566.nchw-f32.bin	71e0d2a3c7a2e68d66ace460e8d4e1ac3f2600729fb068a25667aad21f22d9d6	1x3x640x640	float32	640	480	1.0	0.0	80.0
matched-control	12	46345	/data/datasets/coco2017-independent-stage65b-r1/selected/images/000000046345.jpg	16584400320f52f82207b7264aaa294aef632643f7a742e1d18dc67b3995b580	/data/k1x-stage-runs/BANANA-YOLO26-XSLIM-STAGE65C-R1-A1-CPU-EP-LARGE-RECALL-DIVERGENCE-AND-TERMINAL-BOUNDARY-CAUSAL-DIAGNOSTIC-001/diagnostic-inputs/inputs/000000046345.nchw-f32.bin	991ca908699502658d5cb958159007f55fa2e0717c274b205ff65b1d4b2f7fb6	1x3x640x640	float32	640	480	1.0	0.0	80.0
matched-control	13	99317	/data/datasets/coco2017-independent-stage65b-r1/selected/images/000000099317.jpg	5cd5ed34ef5017f34f588ebc7ee182e92a29a2ecfb8e1d140cc0cdd7d08ce740	/data/k1x-stage-runs/BANANA-YOLO26-XSLIM-STAGE65C-R1-A1-CPU-EP-LARGE-RECALL-DIVERGENCE-AND-TERMINAL-BOUNDARY-CAUSAL-DIAGNOSTIC-001/diagnostic-inputs/inputs/000000099317.nchw-f32.bin	e5c0cd97bc1a3ba66122bc1414df3dca0b1ea074f0d3d1550bcf2b7d37d2abff	1x3x640x640	float32	640	427	1.0	0.0	106.5
matched-control	14	188727	/data/datasets/coco2017-independent-stage65b-r1/selected/images/000000188727.jpg	993d9c000c5b2894291918118928e9c7436a249194dd9c0ebcbc4de531b01306	/data/k1x-stage-runs/BANANA-YOLO26-XSLIM-STAGE65C-R1-A1-CPU-EP-LARGE-RECALL-DIVERGENCE-AND-TERMINAL-BOUNDARY-CAUSAL-DIAGNOSTIC-001/diagnostic-inputs/inputs/000000188727.nchw-f32.bin	090ab5ccfa9f4633626d435fa14c9736f0f5106b1996662c9861f651cd342a94	1x3x640x640	float32	640	480	1.0	0.0	80.0
matched-control	15	190580	/data/datasets/coco2017-independent-stage65b-r1/selected/images/000000190580.jpg	2a56161ba06eef20a6526a6d71fceedfe58f417fa37652cc3203df07f5cfc517	/data/k1x-stage-runs/BANANA-YOLO26-XSLIM-STAGE65C-R1-A1-CPU-EP-LARGE-RECALL-DIVERGENCE-AND-TERMINAL-BOUNDARY-CAUSAL-DIAGNOSTIC-001/diagnostic-inputs/inputs/000000190580.nchw-f32.bin	ab198c0f12e771abecf63e16bbc9a236dcbe4b3daccb9a0e4402e4c79ea4d382	1x3x640x640	float32	640	480	1.0	0.0	80.0
matched-control	16	195137	/data/datasets/coco2017-independent-stage65b-r1/selected/images/000000195137.jpg	dd8032aac514a28436e20b2b283205cee5d2c4860cef4593605c67e5410100a0	/data/k1x-stage-runs/BANANA-YOLO26-XSLIM-STAGE65C-R1-A1-CPU-EP-LARGE-RECALL-DIVERGENCE-AND-TERMINAL-BOUNDARY-CAUSAL-DIAGNOSTIC-001/diagnostic-inputs/inputs/000000195137.nchw-f32.bin	60eb1a37c7ec70ce91b7bb3bd4380d6a027342a01e27dcf904f793f6dbe3cd3a	1x3x640x640	float32	640	480	1.0	0.0	80.0
