arm	group_event	operation_index	M	N	K	worker	worker_cpu	event	status	errno	event_id	iteration_count	raw_u64	time_enabled	time_running
control	backend_stalls	5	25600	32	32	0	0	cycles	available	0	477	10	27033337	16901292	16901292
control	backend_stalls	5	25600	32	32	0	0	backend_stalls	available	0	478	10	11023663	16901292	16901292
control	backend_stalls	5	25600	32	32	1	1	cycles	available	0	473	10	27039940	16882123	16882123
control	backend_stalls	5	25600	32	32	1	1	backend_stalls	available	0	475	10	10944028	16882123	16882123
control	backend_stalls	5	25600	32	32	2	2	cycles	available	0	474	10	26982061	16860707	16860707
control	backend_stalls	5	25600	32	32	2	2	backend_stalls	available	0	476	10	10884228	16860707	16860707
control	backend_stalls	5	25600	32	32	3	3	cycles	available	0	479	10	27003363	16857667	16857667
control	backend_stalls	5	25600	32	32	3	3	backend_stalls	available	0	480	10	10890533	16857667	16857667
control	backend_stalls	12	25600	64	48	0	0	cycles	available	0	477	10	70819637	44284749	44284749
control	backend_stalls	12	25600	64	48	0	0	backend_stalls	available	0	478	10	37980722	44284749	44284749
control	backend_stalls	12	25600	64	48	1	1	cycles	available	0	473	10	70405472	43986503	43986503
control	backend_stalls	12	25600	64	48	1	1	backend_stalls	available	0	475	10	37536092	43986503	43986503
control	backend_stalls	12	25600	64	48	2	2	cycles	available	0	474	10	70384057	44000501	44000501
control	backend_stalls	12	25600	64	48	2	2	backend_stalls	available	0	476	10	37581214	44000501	44000501
control	backend_stalls	12	25600	64	48	3	3	cycles	available	0	479	10	70452073	44022876	44022876
control	backend_stalls	12	25600	64	48	3	3	backend_stalls	available	0	480	10	37557371	44022876	44022876
control	backend_stalls	124	6400	64	96	0	0	cycles	available	0	477	10	19256805	12030583	12030583
control	backend_stalls	124	6400	64	96	0	0	backend_stalls	available	0	478	10	9991466	12030583	12030583
control	backend_stalls	124	6400	64	96	1	1	cycles	available	0	473	10	20142368	12595875	12595875
control	backend_stalls	124	6400	64	96	1	1	backend_stalls	available	0	475	10	10931622	12595875	12595875
control	backend_stalls	124	6400	64	96	2	2	cycles	available	0	474	10	19758190	12341330	12341330
control	backend_stalls	124	6400	64	96	2	2	backend_stalls	available	0	476	10	10532121	12341330	12341330
control	backend_stalls	124	6400	64	96	3	3	cycles	available	0	479	10	20736651	12986127	12986127
control	backend_stalls	124	6400	64	96	3	3	backend_stalls	available	0	480	10	11453841	12986127	12986127
control	backend_stalls	133	6400	80	64	0	0	cycles	available	0	477	10	20594467	12893832	12893832
control	backend_stalls	133	6400	80	64	0	0	backend_stalls	available	0	478	10	7743843	12893832	12893832
control	backend_stalls	133	6400	80	64	1	1	cycles	available	0	473	10	18046723	11285832	11285832
control	backend_stalls	133	6400	80	64	1	1	backend_stalls	available	0	475	10	7283093	11285832	11285832
control	backend_stalls	133	6400	80	64	2	2	cycles	available	0	474	10	17805122	11128373	11128373
control	backend_stalls	133	6400	80	64	2	2	backend_stalls	available	0	476	10	7094952	11128373	11128373
control	backend_stalls	133	6400	80	64	3	3	cycles	available	0	479	10	18201607	11376083	11376083
control	backend_stalls	133	6400	80	64	3	3	backend_stalls	available	0	480	10	7427338	11376083	11376083
control	backend_stalls	144	6400	80	80	0	0	cycles	available	0	477	10	21247002	13298416	13298416
control	backend_stalls	144	6400	80	80	0	0	backend_stalls	available	0	478	10	10241090	13298416	13298416
control	backend_stalls	144	6400	80	80	1	1	cycles	available	0	473	10	21097047	13179790	13179790
control	backend_stalls	144	6400	80	80	1	1	backend_stalls	available	0	475	10	9969963	13179790	13179790
control	backend_stalls	144	6400	80	80	2	2	cycles	available	0	474	10	20687678	12930872	12930872
control	backend_stalls	144	6400	80	80	2	2	backend_stalls	available	0	476	10	9634895	12930872	12930872
control	backend_stalls	144	6400	80	80	3	3	cycles	available	0	479	10	21348600	13344166	13344166
control	backend_stalls	144	6400	80	80	3	3	backend_stalls	available	0	480	10	10167353	13344166	13344166
control	backend_stalls	206	400	80	256	0	0	cycles	available	0	477	10	2363967	1485377	1485377
control	backend_stalls	206	400	80	256	0	0	backend_stalls	available	0	478	10	1331380	1485377	1485377
control	backend_stalls	206	400	80	256	1	1	cycles	available	0	473	10	2514917	1587539	1587539
control	backend_stalls	206	400	80	256	1	1	backend_stalls	available	0	475	10	1423443	1587539	1587539
control	backend_stalls	206	400	80	256	2	2	cycles	available	0	474	10	2358950	1478045	1478045
control	backend_stalls	206	400	80	256	2	2	backend_stalls	available	0	476	10	1314814	1478045	1478045
control	backend_stalls	206	400	80	256	3	3	cycles	available	0	479	10	2448877	1548164	1548164
control	backend_stalls	206	400	80	256	3	3	backend_stalls	available	0	480	10	1338141	1548164	1548164
control	backend_stalls	161	1600	16	1152	0	0	cycles	available	0	477	10	20195986	12620916	12620916
control	backend_stalls	161	1600	16	1152	0	0	backend_stalls	available	0	478	10	11170875	12620916	12620916
control	backend_stalls	161	1600	16	1152	1	1	cycles	available	0	473	10	20864188	13058292	13058292
control	backend_stalls	161	1600	16	1152	1	1	backend_stalls	available	0	475	10	11609510	13058292	13058292
control	backend_stalls	161	1600	16	1152	2	2	cycles	available	0	474	10	20188324	12626374	12626374
control	backend_stalls	161	1600	16	1152	2	2	backend_stalls	available	0	476	10	11265223	12626374	12626374
control	backend_stalls	161	1600	16	1152	3	3	cycles	available	0	479	10	20601920	12895165	12895165
control	backend_stalls	161	1600	16	1152	3	3	backend_stalls	available	0	480	10	11400926	12895165	12895165
control	backend_stalls	201	400	16	2304	0	0	cycles	available	0	477	10	8767239	5487541	5487541
control	backend_stalls	201	400	16	2304	0	0	backend_stalls	available	0	478	10	4178243	5487541	5487541
control	backend_stalls	201	400	16	2304	1	1	cycles	available	0	473	10	10126437	6348915	6348915
control	backend_stalls	201	400	16	2304	1	1	backend_stalls	available	0	475	10	4982842	6348915	6348915
control	backend_stalls	201	400	16	2304	2	2	cycles	available	0	474	10	8922804	5591750	5591750
control	backend_stalls	201	400	16	2304	2	2	backend_stalls	available	0	476	10	4372432	5591750	5591750
control	backend_stalls	201	400	16	2304	3	3	cycles	available	0	479	10	9718839	6091126	6091126
control	backend_stalls	201	400	16	2304	3	3	backend_stalls	available	0	480	10	4721555	6091126	6091126
control	instructions	5	25600	32	32	0	0	cycles	available	0	465	10	37112291	23256372	23256372
control	instructions	5	25600	32	32	0	0	instructions	available	0	472	10	24151674	23256372	23256372
control	instructions	5	25600	32	32	1	1	cycles	available	0	466	10	27778296	17356584	17356584
control	instructions	5	25600	32	32	1	1	instructions	available	0	470	10	22200549	17356584	17356584
control	instructions	5	25600	32	32	2	2	cycles	available	0	467	10	27827525	17401584	17401584
control	instructions	5	25600	32	32	2	2	instructions	available	0	471	10	22160838	17401584	17401584
control	instructions	5	25600	32	32	3	3	cycles	available	0	468	10	27846001	17428957	17428957
control	instructions	5	25600	32	32	3	3	instructions	available	0	469	10	22194284	17428957	17428957
control	instructions	12	25600	64	48	0	0	cycles	available	0	465	10	70851977	44296625	44296625
control	instructions	12	25600	64	48	0	0	instructions	available	0	472	10	45099267	44296625	44296625
control	instructions	12	25600	64	48	1	1	cycles	available	0	466	10	70285679	43893914	43893914
control	instructions	12	25600	64	48	1	1	instructions	available	0	470	10	45180306	43893914	43893914
control	instructions	12	25600	64	48	2	2	cycles	available	0	467	10	70426511	44000538	44000538
control	instructions	12	25600	64	48	2	2	instructions	available	0	471	10	45109498	44000538	44000538
control	instructions	12	25600	64	48	3	3	cycles	available	0	468	10	70528210	44111788	44111788
control	instructions	12	25600	64	48	3	3	instructions	available	0	469	10	45172747	44111788	44111788
control	instructions	124	6400	64	96	0	0	cycles	available	0	465	10	18826708	11772124	11772124
control	instructions	124	6400	64	96	0	0	instructions	available	0	472	10	12200431	11772124	11772124
control	instructions	124	6400	64	96	1	1	cycles	available	0	466	10	20041771	12540419	12540419
control	instructions	124	6400	64	96	1	1	instructions	available	0	470	10	12283034	12540419	12540419
control	instructions	124	6400	64	96	2	2	cycles	available	0	467	10	18952820	11847666	11847666
control	instructions	124	6400	64	96	2	2	instructions	available	0	471	10	12191802	11847666	11847666
control	instructions	124	6400	64	96	3	3	cycles	available	0	468	10	21871248	13688499	13688499
control	instructions	124	6400	64	96	3	3	instructions	available	0	469	10	12326146	13688499	13688499
control	instructions	133	6400	80	64	0	0	cycles	available	0	465	10	18204053	11402792	11402792
control	instructions	133	6400	80	64	0	0	instructions	available	0	472	10	14496372	11402792	11402792
control	instructions	133	6400	80	64	1	1	cycles	available	0	466	10	18053218	11292582	11292582
control	instructions	133	6400	80	64	1	1	instructions	available	0	470	10	14605629	11292582	11292582
control	instructions	133	6400	80	64	2	2	cycles	available	0	467	10	17861161	11153918	11153918
control	instructions	133	6400	80	64	2	2	instructions	available	0	471	10	14492888	11153918	11153918
control	instructions	133	6400	80	64	3	3	cycles	available	0	468	10	18181622	11377377	11377377
control	instructions	133	6400	80	64	3	3	instructions	available	0	469	10	14616172	11377377	11377377
control	instructions	144	6400	80	80	0	0	cycles	available	0	465	10	20724055	12967123	12967123
control	instructions	144	6400	80	80	0	0	instructions	available	0	472	10	14869143	12967123	12967123
control	instructions	144	6400	80	80	1	1	cycles	available	0	466	10	20622774	12871039	12871039
control	instructions	144	6400	80	80	1	1	instructions	available	0	470	10	14967163	12871039	12871039
control	instructions	144	6400	80	80	2	2	cycles	available	0	467	10	20902967	13071376	13071376
control	instructions	144	6400	80	80	2	2	instructions	available	0	471	10	14857040	13071376	13071376
control	instructions	144	6400	80	80	3	3	cycles	available	0	468	10	20919309	13072169	13072169
control	instructions	144	6400	80	80	3	3	instructions	available	0	469	10	14997545	13072169	13072169
control	instructions	206	400	80	256	0	0	cycles	available	0	465	10	2422927	1515166	1515166
control	instructions	206	400	80	256	0	0	instructions	available	0	472	10	1186141	1515166	1515166
control	instructions	206	400	80	256	1	1	cycles	available	0	466	10	2560047	1618582	1618582
control	instructions	206	400	80	256	1	1	instructions	available	0	470	10	1327760	1618582	1618582
control	instructions	206	400	80	256	2	2	cycles	available	0	467	10	2373359	1479043	1479043
control	instructions	206	400	80	256	2	2	instructions	available	0	471	10	1186257	1479043	1479043
control	instructions	206	400	80	256	3	3	cycles	available	0	468	10	2527701	1596626	1596626
control	instructions	206	400	80	256	3	3	instructions	available	0	469	10	1323820	1596626	1596626
control	instructions	161	1600	16	1152	0	0	cycles	available	0	465	10	20134234	12579709	12579709
control	instructions	161	1600	16	1152	0	0	instructions	available	0	472	10	12436509	12579709	12579709
control	instructions	161	1600	16	1152	1	1	cycles	available	0	466	10	20907312	13081998	13081998
control	instructions	161	1600	16	1152	1	1	instructions	available	0	470	10	12856318	13081998	13081998
control	instructions	161	1600	16	1152	2	2	cycles	available	0	467	10	20267537	12674751	12674751
control	instructions	161	1600	16	1152	2	2	instructions	available	0	471	10	12384501	12674751	12674751
control	instructions	161	1600	16	1152	3	3	cycles	available	0	468	10	20607240	12905833	12905833
control	instructions	161	1600	16	1152	3	3	instructions	available	0	469	10	12793204	12905833	12905833
control	instructions	201	400	16	2304	0	0	cycles	available	0	465	10	8870484	5544290	5544290
control	instructions	201	400	16	2304	0	0	instructions	available	0	472	10	6261029	5544290	5544290
control	instructions	201	400	16	2304	1	1	cycles	available	0	466	10	10302503	6459293	6459293
control	instructions	201	400	16	2304	1	1	instructions	available	0	470	10	7168723	6459293	6459293
control	instructions	201	400	16	2304	2	2	cycles	available	0	467	10	9106984	5703873	5703873
control	instructions	201	400	16	2304	2	2	instructions	available	0	471	10	6241243	5703873	5703873
control	instructions	201	400	16	2304	3	3	cycles	available	0	468	10	9869024	6192252	6192252
control	instructions	201	400	16	2304	3	3	instructions	available	0	469	10	6918275	6192252	6192252
control	l1d_read_miss	5	25600	32	32	0	0	cycles	available	0	485	10	26987330	16868628	16868628
control	l1d_read_miss	5	25600	32	32	0	0	l1d_read_miss	available	0	486	10	64572	16868628	16868628
control	l1d_read_miss	5	25600	32	32	1	1	cycles	available	0	481	10	26897897	16801665	16801665
control	l1d_read_miss	5	25600	32	32	1	1	l1d_read_miss	available	0	483	10	63901	16801665	16801665
control	l1d_read_miss	5	25600	32	32	2	2	cycles	available	0	482	10	26998336	16860709	16860709
control	l1d_read_miss	5	25600	32	32	2	2	l1d_read_miss	available	0	484	10	66941	16860709	16860709
control	l1d_read_miss	5	25600	32	32	3	3	cycles	available	0	487	10	27078436	16930834	16930834
control	l1d_read_miss	5	25600	32	32	3	3	l1d_read_miss	available	0	488	10	67923	16930834	16930834
control	l1d_read_miss	12	25600	64	48	0	0	cycles	available	0	485	10	70826595	44260415	44260415
control	l1d_read_miss	12	25600	64	48	0	0	l1d_read_miss	available	0	486	10	298312	44260415	44260415
control	l1d_read_miss	12	25600	64	48	1	1	cycles	available	0	481	10	70532556	44063375	44063375
control	l1d_read_miss	12	25600	64	48	1	1	l1d_read_miss	available	0	483	10	301128	44063375	44063375
control	l1d_read_miss	12	25600	64	48	2	2	cycles	available	0	482	10	70453261	44030708	44030708
control	l1d_read_miss	12	25600	64	48	2	2	l1d_read_miss	available	0	484	10	299379	44030708	44030708
control	l1d_read_miss	12	25600	64	48	3	3	cycles	available	0	487	10	70908655	44340915	44340915
control	l1d_read_miss	12	25600	64	48	3	3	l1d_read_miss	available	0	488	10	309305	44340915	44340915
control	l1d_read_miss	124	6400	64	96	0	0	cycles	available	0	485	10	20401160	12778374	12778374
control	l1d_read_miss	124	6400	64	96	0	0	l1d_read_miss	available	0	486	10	61985	12778374	12778374
control	l1d_read_miss	124	6400	64	96	1	1	cycles	available	0	481	10	19822753	12369420	12369420
control	l1d_read_miss	124	6400	64	96	1	1	l1d_read_miss	available	0	483	10	56382	12369420	12369420
control	l1d_read_miss	124	6400	64	96	2	2	cycles	available	0	482	10	20243591	12663456	12663456
control	l1d_read_miss	124	6400	64	96	2	2	l1d_read_miss	available	0	484	10	61156	12663456	12663456
control	l1d_read_miss	124	6400	64	96	3	3	cycles	available	0	487	10	18831511	11765000	11765000
control	l1d_read_miss	124	6400	64	96	3	3	l1d_read_miss	available	0	488	10	53781	11765000	11765000
control	l1d_read_miss	133	6400	80	64	0	0	cycles	available	0	485	10	18058631	11289873	11289873
control	l1d_read_miss	133	6400	80	64	0	0	l1d_read_miss	available	0	486	10	28479	11289873	11289873
control	l1d_read_miss	133	6400	80	64	1	1	cycles	available	0	481	10	17869301	11198500	11198500
control	l1d_read_miss	133	6400	80	64	1	1	l1d_read_miss	available	0	483	10	25936	11198500	11198500
control	l1d_read_miss	133	6400	80	64	2	2	cycles	available	0	482	10	17668910	11034165	11034165
control	l1d_read_miss	133	6400	80	64	2	2	l1d_read_miss	available	0	484	10	23965	11034165	11034165
control	l1d_read_miss	133	6400	80	64	3	3	cycles	available	0	487	10	18090120	11322207	11322207
control	l1d_read_miss	133	6400	80	64	3	3	l1d_read_miss	available	0	488	10	28009	11322207	11322207
control	l1d_read_miss	144	6400	80	80	0	0	cycles	available	0	485	10	21152576	13228669	13228669
control	l1d_read_miss	144	6400	80	80	0	0	l1d_read_miss	available	0	486	10	50215	13228669	13228669
control	l1d_read_miss	144	6400	80	80	1	1	cycles	available	0	481	10	20489943	12804621	12804621
control	l1d_read_miss	144	6400	80	80	1	1	l1d_read_miss	available	0	483	10	45069	12804621	12804621
control	l1d_read_miss	144	6400	80	80	2	2	cycles	available	0	482	10	20317659	12687834	12687834
control	l1d_read_miss	144	6400	80	80	2	2	l1d_read_miss	available	0	484	10	43042	12687834	12687834
control	l1d_read_miss	144	6400	80	80	3	3	cycles	available	0	487	10	21589287	13513504	13513504
control	l1d_read_miss	144	6400	80	80	3	3	l1d_read_miss	available	0	488	10	51314	13513504	13513504
control	l1d_read_miss	206	400	80	256	0	0	cycles	available	0	485	10	2436909	1522705	1522705
control	l1d_read_miss	206	400	80	256	0	0	l1d_read_miss	available	0	486	10	11015	1522705	1522705
control	l1d_read_miss	206	400	80	256	1	1	cycles	available	0	481	10	2676881	1694959	1694959
control	l1d_read_miss	206	400	80	256	1	1	l1d_read_miss	available	0	483	10	12392	1694959	1694959
control	l1d_read_miss	206	400	80	256	2	2	cycles	available	0	482	10	2437780	1530041	1530041
control	l1d_read_miss	206	400	80	256	2	2	l1d_read_miss	available	0	484	10	10635	1530041	1530041
control	l1d_read_miss	206	400	80	256	3	3	cycles	available	0	487	10	2598537	1641208	1641208
control	l1d_read_miss	206	400	80	256	3	3	l1d_read_miss	available	0	488	10	11573	1641208	1641208
control	l1d_read_miss	161	1600	16	1152	0	0	cycles	available	0	485	10	20197443	12630997	12630997
control	l1d_read_miss	161	1600	16	1152	0	0	l1d_read_miss	available	0	486	10	72920	12630997	12630997
control	l1d_read_miss	161	1600	16	1152	1	1	cycles	available	0	481	10	20863933	13058751	13058751
control	l1d_read_miss	161	1600	16	1152	1	1	l1d_read_miss	available	0	483	10	73508	13058751	13058751
control	l1d_read_miss	161	1600	16	1152	2	2	cycles	available	0	482	10	20284538	12693167	12693167
control	l1d_read_miss	161	1600	16	1152	2	2	l1d_read_miss	available	0	484	10	72527	12693167	12693167
control	l1d_read_miss	161	1600	16	1152	3	3	cycles	available	0	487	10	20564229	12881540	12881540
control	l1d_read_miss	161	1600	16	1152	3	3	l1d_read_miss	available	0	488	10	71357	12881540	12881540
control	l1d_read_miss	201	400	16	2304	0	0	cycles	available	0	485	10	8938194	5591834	5591834
control	l1d_read_miss	201	400	16	2304	0	0	l1d_read_miss	available	0	486	10	15007	5591834	5591834
control	l1d_read_miss	201	400	16	2304	1	1	cycles	available	0	481	10	10109012	6341710	6341710
control	l1d_read_miss	201	400	16	2304	1	1	l1d_read_miss	available	0	483	10	15845	6341710	6341710
control	l1d_read_miss	201	400	16	2304	2	2	cycles	available	0	482	10	8936238	5599125	5599125
control	l1d_read_miss	201	400	16	2304	2	2	l1d_read_miss	available	0	484	10	14107	5599125	5599125
control	l1d_read_miss	201	400	16	2304	3	3	cycles	available	0	487	10	9780601	6143000	6143000
control	l1d_read_miss	201	400	16	2304	3	3	l1d_read_miss	available	0	488	10	16841	6143000	6143000
e2c5	backend_stalls	5	25600	32	32	0	0	cycles	available	0	501	10	27152017	16973543	16973543
e2c5	backend_stalls	5	25600	32	32	0	0	backend_stalls	available	0	502	10	11063670	16973543	16973543
e2c5	backend_stalls	5	25600	32	32	1	1	cycles	available	0	497	10	27003367	16860541	16860541
e2c5	backend_stalls	5	25600	32	32	1	1	backend_stalls	available	0	499	10	10919891	16860541	16860541
e2c5	backend_stalls	5	25600	32	32	2	2	cycles	available	0	498	10	26945449	16840873	16840873
e2c5	backend_stalls	5	25600	32	32	2	2	backend_stalls	available	0	500	10	10918875	16840873	16840873
e2c5	backend_stalls	5	25600	32	32	3	3	cycles	available	0	503	10	27014868	16878460	16878460
e2c5	backend_stalls	5	25600	32	32	3	3	backend_stalls	available	0	504	10	10896781	16878460	16878460
e2c5	backend_stalls	12	25600	64	48	0	0	cycles	available	0	501	10	70908390	44322459	44322459
e2c5	backend_stalls	12	25600	64	48	0	0	backend_stalls	available	0	502	10	37750500	44322459	44322459
e2c5	backend_stalls	12	25600	64	48	1	1	cycles	available	0	497	10	70305283	43945377	43945377
e2c5	backend_stalls	12	25600	64	48	1	1	backend_stalls	available	0	499	10	37418924	43945377	43945377
e2c5	backend_stalls	12	25600	64	48	2	2	cycles	available	0	498	10	70273917	43883003	43883003
e2c5	backend_stalls	12	25600	64	48	2	2	backend_stalls	available	0	500	10	37361438	43883003	43883003
e2c5	backend_stalls	12	25600	64	48	3	3	cycles	available	0	503	10	70400761	44008252	44008252
e2c5	backend_stalls	12	25600	64	48	3	3	backend_stalls	available	0	504	10	37406178	44008252	44008252
e2c5	backend_stalls	124	6400	64	96	0	0	cycles	available	0	501	10	18797065	11746995	11746995
e2c5	backend_stalls	124	6400	64	96	0	0	backend_stalls	available	0	502	10	9484351	11746995	11746995
e2c5	backend_stalls	124	6400	64	96	1	1	cycles	available	0	497	10	20081377	12580083	12580083
e2c5	backend_stalls	124	6400	64	96	1	1	backend_stalls	available	0	499	10	10830461	12580083	12580083
e2c5	backend_stalls	124	6400	64	96	2	2	cycles	available	0	498	10	19145693	11956709	11956709
e2c5	backend_stalls	124	6400	64	96	2	2	backend_stalls	available	0	500	10	9964624	11956709	11956709
e2c5	backend_stalls	124	6400	64	96	3	3	cycles	available	0	503	10	21610644	13516671	13516671
e2c5	backend_stalls	124	6400	64	96	3	3	backend_stalls	available	0	504	10	12353820	13516671	13516671
e2c5	backend_stalls	133	6400	80	64	0	0	cycles	available	0	501	10	18329295	11468709	11468709
e2c5	backend_stalls	133	6400	80	64	0	0	backend_stalls	available	0	502	10	7553178	11468709	11468709
e2c5	backend_stalls	133	6400	80	64	1	1	cycles	available	0	497	10	18114049	11346460	11346460
e2c5	backend_stalls	133	6400	80	64	1	1	backend_stalls	available	0	499	10	7219826	11346460	11346460
e2c5	backend_stalls	133	6400	80	64	2	2	cycles	available	0	498	10	17849054	11138379	11138379
e2c5	backend_stalls	133	6400	80	64	2	2	backend_stalls	available	0	500	10	6990896	11138379	11138379
e2c5	backend_stalls	133	6400	80	64	3	3	cycles	available	0	503	10	18210453	11400792	11400792
e2c5	backend_stalls	133	6400	80	64	3	3	backend_stalls	available	0	504	10	7293998	11400792	11400792
e2c5	backend_stalls	144	6400	80	80	0	0	cycles	available	0	501	10	20863007	13051663	13051663
e2c5	backend_stalls	144	6400	80	80	0	0	backend_stalls	available	0	502	10	9843123	13051663	13051663
e2c5	backend_stalls	144	6400	80	80	1	1	cycles	available	0	497	10	20722016	12943209	12943209
e2c5	backend_stalls	144	6400	80	80	1	1	backend_stalls	available	0	499	10	9610367	12943209	12943209
e2c5	backend_stalls	144	6400	80	80	2	2	cycles	available	0	498	10	21062497	13188165	13188165
e2c5	backend_stalls	144	6400	80	80	2	2	backend_stalls	available	0	500	10	10089937	13188165	13188165
e2c5	backend_stalls	144	6400	80	80	3	3	cycles	available	0	503	10	20848279	13021205	13021205
e2c5	backend_stalls	144	6400	80	80	3	3	backend_stalls	available	0	504	10	9664493	13021205	13021205
e2c5	backend_stalls	206	400	80	256	0	0	cycles	available	0	501	10	2386102	1501169	1501169
e2c5	backend_stalls	206	400	80	256	0	0	backend_stalls	available	0	502	10	1353085	1501169	1501169
e2c5	backend_stalls	206	400	80	256	1	1	cycles	available	0	497	10	2533816	1599709	1599709
e2c5	backend_stalls	206	400	80	256	1	1	backend_stalls	available	0	499	10	1434412	1599709	1599709
e2c5	backend_stalls	206	400	80	256	2	2	cycles	available	0	498	10	2366492	1476039	1476039
e2c5	backend_stalls	206	400	80	256	2	2	backend_stalls	available	0	500	10	1303298	1476039	1476039
e2c5	backend_stalls	206	400	80	256	3	3	cycles	available	0	503	10	2501926	1582250	1582250
e2c5	backend_stalls	206	400	80	256	3	3	backend_stalls	available	0	504	10	1389038	1582250	1582250
e2c5	backend_stalls	161	1600	16	1152	0	0	cycles	available	0	501	10	20167477	12612083	12612083
e2c5	backend_stalls	161	1600	16	1152	0	0	backend_stalls	available	0	502	10	11189990	12612083	12612083
e2c5	backend_stalls	161	1600	16	1152	1	1	cycles	available	0	497	10	20817012	13027251	13027251
e2c5	backend_stalls	161	1600	16	1152	1	1	backend_stalls	available	0	499	10	11590795	13027251	13027251
e2c5	backend_stalls	161	1600	16	1152	2	2	cycles	available	0	498	10	20241283	12677878	12677878
e2c5	backend_stalls	161	1600	16	1152	2	2	backend_stalls	available	0	500	10	11372386	12677878	12677878
e2c5	backend_stalls	161	1600	16	1152	3	3	cycles	available	0	503	10	20568290	12875625	12875625
e2c5	backend_stalls	161	1600	16	1152	3	3	backend_stalls	available	0	504	10	11401841	12875625	12875625
e2c5	backend_stalls	201	400	16	2304	0	0	cycles	available	0	501	10	8770283	5491708	5491708
e2c5	backend_stalls	201	400	16	2304	0	0	backend_stalls	available	0	502	10	4209490	5491708	5491708
e2c5	backend_stalls	201	400	16	2304	1	1	cycles	available	0	497	10	10175193	6383333	6383333
e2c5	backend_stalls	201	400	16	2304	1	1	backend_stalls	available	0	499	10	4967896	6383333	6383333
e2c5	backend_stalls	201	400	16	2304	2	2	cycles	available	0	498	10	8899172	5585084	5585084
e2c5	backend_stalls	201	400	16	2304	2	2	backend_stalls	available	0	500	10	4362762	5585084	5585084
e2c5	backend_stalls	201	400	16	2304	3	3	cycles	available	0	503	10	9912691	6219292	6219292
e2c5	backend_stalls	201	400	16	2304	3	3	backend_stalls	available	0	504	10	4877019	6219292	6219292
e2c5	instructions	5	25600	32	32	0	0	cycles	available	0	493	10	26966972	16848246	16848246
e2c5	instructions	5	25600	32	32	0	0	instructions	available	0	494	10	21995745	16848246	16848246
e2c5	instructions	5	25600	32	32	1	1	cycles	available	0	489	10	26997858	16867167	16867167
e2c5	instructions	5	25600	32	32	1	1	instructions	available	0	490	10	22040646	16867167	16867167
e2c5	instructions	5	25600	32	32	2	2	cycles	available	0	491	10	26897156	16791790	16791790
e2c5	instructions	5	25600	32	32	2	2	instructions	available	0	492	10	21992283	16791790	16791790
e2c5	instructions	5	25600	32	32	3	3	cycles	available	0	495	10	27038642	16910539	16910539
e2c5	instructions	5	25600	32	32	3	3	instructions	available	0	496	10	22027403	16910539	16910539
e2c5	instructions	12	25600	64	48	0	0	cycles	available	0	493	10	70757968	44220292	44220292
e2c5	instructions	12	25600	64	48	0	0	instructions	available	0	494	10	45098252	44220292	44220292
e2c5	instructions	12	25600	64	48	1	1	cycles	available	0	489	10	70379332	43971750	43971750
e2c5	instructions	12	25600	64	48	1	1	instructions	available	0	490	10	45183620	43971750	43971750
e2c5	instructions	12	25600	64	48	2	2	cycles	available	0	491	10	70243426	43880416	43880416
e2c5	instructions	12	25600	64	48	2	2	instructions	available	0	492	10	45081644	43880416	43880416
e2c5	instructions	12	25600	64	48	3	3	cycles	available	0	495	10	70888635	44324711	44324711
e2c5	instructions	12	25600	64	48	3	3	instructions	available	0	496	10	45173688	44324711	44324711
e2c5	instructions	124	6400	64	96	0	0	cycles	available	0	493	10	19790167	12382000	12382000
e2c5	instructions	124	6400	64	96	0	0	instructions	available	0	494	10	12195438	12382000	12382000
e2c5	instructions	124	6400	64	96	1	1	cycles	available	0	489	10	18615991	11621915	11621915
e2c5	instructions	124	6400	64	96	1	1	instructions	available	0	490	10	12290699	11621915	11621915
e2c5	instructions	124	6400	64	96	2	2	cycles	available	0	491	10	20398205	12765416	12765416
e2c5	instructions	124	6400	64	96	2	2	instructions	available	0	492	10	12202780	12765416	12765416
e2c5	instructions	124	6400	64	96	3	3	cycles	available	0	495	10	19923806	12455166	12455166
e2c5	instructions	124	6400	64	96	3	3	instructions	available	0	496	10	12317559	12455166	12455166
e2c5	instructions	133	6400	80	64	0	0	cycles	available	0	493	10	18140452	11327498	11327498
e2c5	instructions	133	6400	80	64	0	0	instructions	available	0	494	10	14484410	11327498	11327498
e2c5	instructions	133	6400	80	64	1	1	cycles	available	0	489	10	17900418	11194127	11194127
e2c5	instructions	133	6400	80	64	1	1	instructions	available	0	490	10	14590950	11194127	11194127
e2c5	instructions	133	6400	80	64	2	2	cycles	available	0	491	10	17740724	11071790	11071790
e2c5	instructions	133	6400	80	64	2	2	instructions	available	0	492	10	14479553	11071790	11071790
e2c5	instructions	133	6400	80	64	3	3	cycles	available	0	495	10	18145988	11363958	11363958
e2c5	instructions	133	6400	80	64	3	3	instructions	available	0	496	10	14597980	11363958	11363958
e2c5	instructions	144	6400	80	80	0	0	cycles	available	0	493	10	21097035	13184748	13184748
e2c5	instructions	144	6400	80	80	0	0	instructions	available	0	494	10	14861618	13184748	13184748
e2c5	instructions	144	6400	80	80	1	1	cycles	available	0	489	10	20920730	13091042	13091042
e2c5	instructions	144	6400	80	80	1	1	instructions	available	0	490	10	14987692	13091042	13091042
e2c5	instructions	144	6400	80	80	2	2	cycles	available	0	491	10	20606700	12871957	12871957
e2c5	instructions	144	6400	80	80	2	2	instructions	available	0	492	10	14856035	12871957	12871957
e2c5	instructions	144	6400	80	80	3	3	cycles	available	0	495	10	21418282	13428083	13428083
e2c5	instructions	144	6400	80	80	3	3	instructions	available	0	496	10	14998728	13428083	13428083
e2c5	instructions	206	400	80	256	0	0	cycles	available	0	493	10	2431097	1524457	1524457
e2c5	instructions	206	400	80	256	0	0	instructions	available	0	494	10	1184544	1524457	1524457
e2c5	instructions	206	400	80	256	1	1	cycles	available	0	489	10	2609077	1646498	1646498
e2c5	instructions	206	400	80	256	1	1	instructions	available	0	490	10	1327717	1646498	1646498
e2c5	instructions	206	400	80	256	2	2	cycles	available	0	491	10	2446550	1531622	1531622
e2c5	instructions	206	400	80	256	2	2	instructions	available	0	492	10	1184007	1531622	1531622
e2c5	instructions	206	400	80	256	3	3	cycles	available	0	495	10	2564184	1620456	1620456
e2c5	instructions	206	400	80	256	3	3	instructions	available	0	496	10	1322583	1620456	1620456
e2c5	instructions	161	1600	16	1152	0	0	cycles	available	0	493	10	20266242	12675959	12675959
e2c5	instructions	161	1600	16	1152	0	0	instructions	available	0	494	10	12430597	12675959	12675959
e2c5	instructions	161	1600	16	1152	1	1	cycles	available	0	489	10	20929092	13100540	13100540
e2c5	instructions	161	1600	16	1152	1	1	instructions	available	0	490	10	12858145	13100540	13100540
e2c5	instructions	161	1600	16	1152	2	2	cycles	available	0	491	10	20250316	12666167	12666167
e2c5	instructions	161	1600	16	1152	2	2	instructions	available	0	492	10	12380321	12666167	12666167
e2c5	instructions	161	1600	16	1152	3	3	cycles	available	0	495	10	20547365	12863709	12863709
e2c5	instructions	161	1600	16	1152	3	3	instructions	available	0	496	10	12788374	12863709	12863709
e2c5	instructions	201	400	16	2304	0	0	cycles	available	0	493	10	8835801	5522874	5522874
e2c5	instructions	201	400	16	2304	0	0	instructions	available	0	494	10	6247510	5522874	5522874
e2c5	instructions	201	400	16	2304	1	1	cycles	available	0	489	10	10260810	6433833	6433833
e2c5	instructions	201	400	16	2304	1	1	instructions	available	0	490	10	7162892	6433833	6433833
e2c5	instructions	201	400	16	2304	2	2	cycles	available	0	491	10	9017009	5650207	5650207
e2c5	instructions	201	400	16	2304	2	2	instructions	available	0	492	10	6227880	5650207	5650207
e2c5	instructions	201	400	16	2304	3	3	cycles	available	0	495	10	9887361	6205373	6205373
e2c5	instructions	201	400	16	2304	3	3	instructions	available	0	496	10	6910045	6205373	6205373
e2c5	l1d_read_miss	5	25600	32	32	0	0	cycles	available	0	505	10	27183427	17001708	17001708
e2c5	l1d_read_miss	5	25600	32	32	0	0	l1d_read_miss	available	0	507	10	66116	17001708	17001708
e2c5	l1d_read_miss	5	25600	32	32	1	1	cycles	available	0	509	10	26880044	16790336	16790336
e2c5	l1d_read_miss	5	25600	32	32	1	1	l1d_read_miss	available	0	510	10	65147	16790336	16790336
e2c5	l1d_read_miss	5	25600	32	32	2	2	cycles	available	0	506	10	26815008	16728333	16728333
e2c5	l1d_read_miss	5	25600	32	32	2	2	l1d_read_miss	available	0	508	10	66861	16728333	16728333
e2c5	l1d_read_miss	5	25600	32	32	3	3	cycles	available	0	511	10	27003078	16894789	16894789
e2c5	l1d_read_miss	5	25600	32	32	3	3	l1d_read_miss	available	0	512	10	66716	16894789	16894789
e2c5	l1d_read_miss	12	25600	64	48	0	0	cycles	available	0	505	10	70648223	44146957	44146957
e2c5	l1d_read_miss	12	25600	64	48	0	0	l1d_read_miss	available	0	507	10	297741	44146957	44146957
e2c5	l1d_read_miss	12	25600	64	48	1	1	cycles	available	0	509	10	70600079	44133541	44133541
e2c5	l1d_read_miss	12	25600	64	48	1	1	l1d_read_miss	available	0	510	10	303362	44133541	44133541
e2c5	l1d_read_miss	12	25600	64	48	2	2	cycles	available	0	506	10	70325413	43953164	43953164
e2c5	l1d_read_miss	12	25600	64	48	2	2	l1d_read_miss	available	0	508	10	301558	43953164	43953164
e2c5	l1d_read_miss	12	25600	64	48	3	3	cycles	available	0	511	10	70384287	43966668	43966668
e2c5	l1d_read_miss	12	25600	64	48	3	3	l1d_read_miss	available	0	512	10	297311	43966668	43966668
e2c5	l1d_read_miss	124	6400	64	96	0	0	cycles	available	0	505	10	19385558	12131082	12131082
e2c5	l1d_read_miss	124	6400	64	96	0	0	l1d_read_miss	available	0	507	10	53631	12131082	12131082
e2c5	l1d_read_miss	124	6400	64	96	1	1	cycles	available	0	509	10	21056505	13200585	13200585
e2c5	l1d_read_miss	124	6400	64	96	1	1	l1d_read_miss	available	0	510	10	64568	13200585	13200585
e2c5	l1d_read_miss	124	6400	64	96	2	2	cycles	available	0	506	10	18157479	11329167	11329167
e2c5	l1d_read_miss	124	6400	64	96	2	2	l1d_read_miss	available	0	508	10	50374	11329167	11329167
e2c5	l1d_read_miss	124	6400	64	96	3	3	cycles	available	0	511	10	20863085	13047877	13047877
e2c5	l1d_read_miss	124	6400	64	96	3	3	l1d_read_miss	available	0	512	10	60807	13047877	13047877
e2c5	l1d_read_miss	133	6400	80	64	0	0	cycles	available	0	505	10	18087150	11323959	11323959
e2c5	l1d_read_miss	133	6400	80	64	0	0	l1d_read_miss	available	0	507	10	27880	11323959	11323959
e2c5	l1d_read_miss	133	6400	80	64	1	1	cycles	available	0	509	10	17879700	11177043	11177043
e2c5	l1d_read_miss	133	6400	80	64	1	1	l1d_read_miss	available	0	510	10	26920	11177043	11177043
e2c5	l1d_read_miss	133	6400	80	64	2	2	cycles	available	0	506	10	17679794	11024790	11024790
e2c5	l1d_read_miss	133	6400	80	64	2	2	l1d_read_miss	available	0	508	10	24859	11024790	11024790
e2c5	l1d_read_miss	133	6400	80	64	3	3	cycles	available	0	511	10	18021396	11286704	11286704
e2c5	l1d_read_miss	133	6400	80	64	3	3	l1d_read_miss	available	0	512	10	27176	11286704	11286704
e2c5	l1d_read_miss	144	6400	80	80	0	0	cycles	available	0	505	10	20827820	13040918	13040918
e2c5	l1d_read_miss	144	6400	80	80	0	0	l1d_read_miss	available	0	507	10	45968	13040918	13040918
e2c5	l1d_read_miss	144	6400	80	80	1	1	cycles	available	0	509	10	20708748	12924623	12924623
e2c5	l1d_read_miss	144	6400	80	80	1	1	l1d_read_miss	available	0	510	10	46388	12924623	12924623
e2c5	l1d_read_miss	144	6400	80	80	2	2	cycles	available	0	506	10	20846694	13043166	13043166
e2c5	l1d_read_miss	144	6400	80	80	2	2	l1d_read_miss	available	0	508	10	47136	13043166	13043166
e2c5	l1d_read_miss	144	6400	80	80	3	3	cycles	available	0	511	10	20889349	13058249	13058249
e2c5	l1d_read_miss	144	6400	80	80	3	3	l1d_read_miss	available	0	512	10	47797	13058249	13058249
e2c5	l1d_read_miss	206	400	80	256	0	0	cycles	available	0	505	10	2439777	1528875	1528875
e2c5	l1d_read_miss	206	400	80	256	0	0	l1d_read_miss	available	0	507	10	11102	1528875	1528875
e2c5	l1d_read_miss	206	400	80	256	1	1	cycles	available	0	509	10	2653770	1673539	1673539
e2c5	l1d_read_miss	206	400	80	256	1	1	l1d_read_miss	available	0	510	10	11972	1673539	1673539
e2c5	l1d_read_miss	206	400	80	256	2	2	cycles	available	0	506	10	2410192	1503125	1503125
e2c5	l1d_read_miss	206	400	80	256	2	2	l1d_read_miss	available	0	508	10	10729	1503125	1503125
e2c5	l1d_read_miss	206	400	80	256	3	3	cycles	available	0	511	10	2548706	1610083	1610083
e2c5	l1d_read_miss	206	400	80	256	3	3	l1d_read_miss	available	0	512	10	10615	1610083	1610083
e2c5	l1d_read_miss	161	1600	16	1152	0	0	cycles	available	0	505	10	20282875	12674249	12674249
e2c5	l1d_read_miss	161	1600	16	1152	0	0	l1d_read_miss	available	0	507	10	70032	12674249	12674249
e2c5	l1d_read_miss	161	1600	16	1152	1	1	cycles	available	0	509	10	20869156	13059042	13059042
e2c5	l1d_read_miss	161	1600	16	1152	1	1	l1d_read_miss	available	0	510	10	72067	13059042	13059042
e2c5	l1d_read_miss	161	1600	16	1152	2	2	cycles	available	0	506	10	20191634	12633334	12633334
e2c5	l1d_read_miss	161	1600	16	1152	2	2	l1d_read_miss	available	0	508	10	70315	12633334	12633334
e2c5	l1d_read_miss	161	1600	16	1152	3	3	cycles	available	0	511	10	20600490	12901169	12901169
e2c5	l1d_read_miss	161	1600	16	1152	3	3	l1d_read_miss	available	0	512	10	70538	12901169	12901169
e2c5	l1d_read_miss	201	400	16	2304	0	0	cycles	available	0	505	10	8800283	5504707	5504707
e2c5	l1d_read_miss	201	400	16	2304	0	0	l1d_read_miss	available	0	507	10	13667	5504707	5504707
e2c5	l1d_read_miss	201	400	16	2304	1	1	cycles	available	0	509	10	10153270	6368539	6368539
e2c5	l1d_read_miss	201	400	16	2304	1	1	l1d_read_miss	available	0	510	10	16367	6368539	6368539
e2c5	l1d_read_miss	201	400	16	2304	2	2	cycles	available	0	506	10	8860510	5545665	5545665
e2c5	l1d_read_miss	201	400	16	2304	2	2	l1d_read_miss	available	0	508	10	14217	5545665	5545665
e2c5	l1d_read_miss	201	400	16	2304	3	3	cycles	available	0	511	10	9777097	6140374	6140374
e2c5	l1d_read_miss	201	400	16	2304	3	3	l1d_read_miss	available	0	512	10	17703	6140374	6140374
