source	release_required	sha256
kernels/stage48_nchwc8_model5.cpp	yes	e8fa992795b9be9381348c963113b955f24f459f639b4d67a626b522a215624f
kernels/stage49_persistent_slice.cpp	yes	eb6918981df1f54e4e63abf125e2e65cfd49c8645016633202684e4b9604cb14
kernels/stage51_q62_epilogue.cpp	yes	c886a887cb7f56a36224ace157204323b4e10a6f8df5f2964a042c7acc679c7f
kernels/vmadot_4x4x8_ime.cpp	yes	2bb50992038a2c3335a381a6719bc93fb54b99e998a7163e72011b94dbbd4ea4
src/int8_v1.cpp	yes	5bc0baad6f359cf9db0afe22b562e19720d6c04af3f2a1612b7e49fae63cdc7c
src/package_loader.cpp	yes	a31567c24bc8352115f5a4dcce931b99418850b20b2b4027a56baaf743f7eaaf
src/stage52_c_api.cpp	yes	c97856715019ea01a0f5e85df75918ee5fd4ae100041f4caa7e695fbe72fcefb
src/stage52_full_executor.cpp	yes	9447cc6a2a96b52e4872f7f0a5d43a6fb8d2e6f9d6372c5846546e39b9b2dfeb
research-only sources excluded	no	29
