operation_index	resident_operation_index	kind	scope	name	samples	mean_us	median_us	p95_us	implementation	confidence
-1	-1	bridge	resident_bridge	resident_core_bridge_overhead	50	130.38004	128.6065	152.9849	stage55-selected-explicit-or-measured	50 complete profiled observations
-1	-1	head_decode	full_executor	final_head_decode	50	8807.23208	8808.6855	8914.51635	stage55-selected-explicit-or-measured	50 complete profiled observations
-1	0	lut	resident_core	/model.4/cv2/final_silu	50	494.05048000000005	501.55	565.8107499999999	stage55-selected-explicit-or-measured	50 complete profiled observations
-1	10	add_silu	resident_core	/model.6/m.0/m/m.1/Add	50	212.65268	202.7115	245.71489999999997	stage55-selected-explicit-or-measured	50 complete profiled observations
-1	21	add_silu	resident_core	/model.8/m.0/m/m.0/Add	50	78.07036	77.8135	78.42264999999999	stage55-selected-explicit-or-measured	50 complete profiled observations
-1	24	add_silu	resident_core	/model.8/m.0/m/m.1/Add	50	90.85986000000001	89.7515	93.1059	stage55-selected-explicit-or-measured	50 complete profiled observations
-1	30	maxpool	resident_core	/model.9/m/MaxPool	50	465.5193	462.8825	487.39304999999996	stage55-selected-explicit-or-measured	50 complete profiled observations
-1	31	maxpool	resident_core	/model.9/m_1/MaxPool	50	462.81756	462.0075	464.37195	stage55-selected-explicit-or-measured	50 complete profiled observations
-1	32	maxpool	resident_core	/model.9/m_2/MaxPool	50	462.84424	461.73699999999997	463.38665	stage55-selected-explicit-or-measured	50 complete profiled observations
-1	35	add_silu	resident_core	/model.9/Add	50	318.75266	316.6515	350.50515	stage55-selected-explicit-or-measured	50 complete profiled observations
-1	7	add_silu	resident_core	/model.6/m.0/m/m.0/Add	50	179.83966	176.6905	179.32595	stage55-selected-explicit-or-measured	50 complete profiled observations
0	-1	input_quant	full_executor	images_QuantizeLinear	47	2184.120595744681	2138.66	2241.5573999999997	stage55-selected-explicit-or-measured	50 complete profiled observations
10	-1	lut2	full_executor	/model.2/m.0/Add_output_0@/model.2/Concat_output_0_QuantizeLinear_Output	50	498.774	493.92449999999997	571.1510000000001	stage55-selected-explicit-or-measured	50 complete profiled observations
100	-1	lut1	fused_into_dense_conv	/model.13/m.0/m/m.1/cv1/act/Mul_output_0_QuantizeLinear	50	0.0	0.0	0.0	stage55-selected-explicit-or-measured	50 complete profiled observations
102	-1	lut2	full_executor	/model.13/m.0/m/m.1/Add_output_0@/model.13/m.0/Concat_output_0_QuantizeLinear_Output	50	58.22765999999999	56.4805	59.16945	stage55-selected-explicit-or-measured	50 complete profiled observations
103	-1	concat	full_executor	/model.13/m.0/Concat	50	52.42754	52.105000000000004	55.90304999999999	stage55-selected-explicit-or-measured	50 complete profiled observations
105	-1	concat	full_executor	/model.13/Concat	50	157.36758	156.544	162.0546	stage55-selected-explicit-or-measured	50 complete profiled observations
107	-1	concat	full_executor	/model.15/Concat	50	1158.74632	1094.9135	1311.48975	stage55-selected-explicit-or-measured	50 complete profiled observations
109	-1	split	full_executor	/model.16/Split	50	95.80905999999999	94.668	98.86785	stage55-selected-explicit-or-measured	50 complete profiled observations
11	-1	concat	full_executor	/model.2/Concat	50	573.93854	565.2180000000001	646.744	stage55-selected-explicit-or-measured	50 complete profiled observations
112	-1	lut1	full_executor	/model.16/m.0/cv1/act/Mul_output_0_QuantizeLinear	50	44.1699	42.730000000000004	44.0901	stage55-selected-explicit-or-measured	50 complete profiled observations
114	-1	lut1	fused_into_dense_conv	/model.16/m.0/m/m.0/cv1/act/Mul_output_0_QuantizeLinear	50	0.0	0.0	0.0	stage55-selected-explicit-or-measured	50 complete profiled observations
116	-1	lut2	full_executor	/model.16/m.0/m/m.0/Add_output_0_QuantizeLinear	50	188.10962	180.815	227.89309999999998	stage55-selected-explicit-or-measured	50 complete profiled observations
118	-1	lut1	fused_into_dense_conv	/model.16/m.0/m/m.1/cv1/act/Mul_output_0_QuantizeLinear	50	0.0	0.0	0.0	stage55-selected-explicit-or-measured	50 complete profiled observations
120	-1	lut2	full_executor	/model.16/m.0/m/m.1/Add_output_0@/model.16/m.0/Concat_output_0_QuantizeLinear_Output	50	136.26974	136.46050000000002	139.38995	stage55-selected-explicit-or-measured	50 complete profiled observations
121	-1	concat	full_executor	/model.16/m.0/Concat	50	99.63907999999999	99.1265	105.7433	stage55-selected-explicit-or-measured	50 complete profiled observations
123	-1	concat	full_executor	/model.16/Concat	50	365.38424	364.714	384.29974999999996	stage55-selected-explicit-or-measured	50 complete profiled observations
125	-1	lut1	full_executor	/model.16/cv2/act/Mul_output_0_QuantizeLinear	50	161.86588	159.2525	200.19279999999998	stage55-selected-explicit-or-measured	50 complete profiled observations
129	-1	lut1	full_executor	/model.23/one2one_cv2.0/one2one_cv2.0.0/act/Mul_output_0_QuantizeLinear	50	66.78858	65.564	71.5113	stage55-selected-explicit-or-measured	50 complete profiled observations
13	-1	lut1	fused_into_dense_conv	/model.2/cv2/act/Mul_output_0_QuantizeLinear	50	0.0	0.0	0.0	stage55-selected-explicit-or-measured	50 complete profiled observations
130	-1	lut1	full_executor	/model.23/one2one_cv3.0/one2one_cv3.0.0/one2one_cv3.0.0.0/act/Mul_output_0_QuantizeLinear	50	185.45808	183.565	201.99255	stage55-selected-explicit-or-measured	50 complete profiled observations
131	-1	concat	full_executor	/model.18/Concat	50	128.4821	127.9185	136.91684999999998	stage55-selected-explicit-or-measured	50 complete profiled observations
135	-1	lut1	full_executor	/model.23/one2one_cv2.0/one2one_cv2.0.1/act/Mul_output_0_QuantizeLinear	50	60.24358	53.251	99.65564999999998	stage55-selected-explicit-or-measured	50 complete profiled observations
136	-1	lut1	full_executor	/model.23/one2one_cv3.0/one2one_cv3.0.0/one2one_cv3.0.0.1/act/Mul_output_0_QuantizeLinear	50	309.44921999999997	304.297	394.15819999999997	stage55-selected-explicit-or-measured	50 complete profiled observations
137	-1	split	full_executor	/model.19/Split	50	46.82418	46.938	48.527750000000005	stage55-selected-explicit-or-measured	50 complete profiled observations
142	-1	lut1	full_executor	/model.23/one2one_cv3.0/one2one_cv3.0.1/one2one_cv3.0.1.0/act/Mul_output_0_QuantizeLinear	50	378.58366	391.9645	447.7365	stage55-selected-explicit-or-measured	50 complete profiled observations
143	-1	lut1	full_executor	/model.19/m.0/cv1/act/Mul_output_0_QuantizeLinear	50	31.5972	30.563000000000002	33.2173	stage55-selected-explicit-or-measured	50 complete profiled observations
146	-1	lut1	full_executor	/model.23/one2one_cv3.0/one2one_cv3.0.1/one2one_cv3.0.1.1/act/Mul_output_0_QuantizeLinear	50	322.56192	316.672	377.48535	stage55-selected-explicit-or-measured	50 complete profiled observations
147	-1	lut1	full_executor	/model.19/m.0/m/m.0/cv1/act/Mul_output_0_QuantizeLinear	50	29.02122	28.7085	31.56875	stage55-selected-explicit-or-measured	50 complete profiled observations
15	-1	lut1	fused_into_dense_conv	/model.3/act/Mul_output_0_QuantizeLinear	50	0.0	0.0	0.0	stage55-selected-explicit-or-measured	50 complete profiled observations
150	-1	lut2	full_executor	/model.19/m.0/m/m.0/Add_output_0_QuantizeLinear	50	56.78095999999999	56.688500000000005	58.51349999999999	stage55-selected-explicit-or-measured	50 complete profiled observations
152	-1	lut1	fused_into_dense_conv	/model.19/m.0/m/m.1/cv1/act/Mul_output_0_QuantizeLinear	50	0.0	0.0	0.0	stage55-selected-explicit-or-measured	50 complete profiled observations
154	-1	lut2	full_executor	/model.19/m.0/m/m.1/Add_output_0@/model.19/m.0/Concat_output_0_QuantizeLinear_Output	50	84.6973	84.6055	86.87889999999999	stage55-selected-explicit-or-measured	50 complete profiled observations
155	-1	concat	full_executor	/model.19/m.0/Concat	50	56.8143	55.813	61.04315	stage55-selected-explicit-or-measured	50 complete profiled observations
157	-1	concat	full_executor	/model.19/Concat	50	162.50102	161.3985	168.4652	stage55-selected-explicit-or-measured	50 complete profiled observations
159	-1	lut1	fused_into_dense_conv	/model.19/cv2/act/Mul_output_0_QuantizeLinear	50	0.0	0.0	0.0	stage55-selected-explicit-or-measured	50 complete profiled observations
163	-1	lut1	full_executor	/model.23/one2one_cv2.1/one2one_cv2.1.0/act/Mul_output_0_QuantizeLinear	50	20.29032	20.146500000000003	22.22515	stage55-selected-explicit-or-measured	50 complete profiled observations
164	-1	lut1	full_executor	/model.23/one2one_cv3.1/one2one_cv3.1.0/one2one_cv3.1.0.0/act/Mul_output_0_QuantizeLinear	50	62.72848	61.730000000000004	64.13034999999999	stage55-selected-explicit-or-measured	50 complete profiled observations
165	-1	concat	full_executor	/model.21/Concat	50	98.89162	97.439	108.9232	stage55-selected-explicit-or-measured	50 complete profiled observations
169	-1	lut1	full_executor	/model.23/one2one_cv2.1/one2one_cv2.1.1/act/Mul_output_0_QuantizeLinear	50	18.69618	18.542	20.869149999999998	stage55-selected-explicit-or-measured	50 complete profiled observations
17	-1	split	full_executor	/model.4/Split	50	88.75644	88.3555	91.4956	stage55-selected-explicit-or-measured	50 complete profiled observations
170	-1	lut1	full_executor	/model.23/one2one_cv3.1/one2one_cv3.1.0/one2one_cv3.1.0.1/act/Mul_output_0_QuantizeLinear	50	42.01482	41.1465	47.25885	stage55-selected-explicit-or-measured	50 complete profiled observations
171	-1	split	full_executor	/model.22/Split	50	26.89216	26.125500000000002	28.1154	stage55-selected-explicit-or-measured	50 complete profiled observations
175	-1	lut1	full_executor	/model.23/one2one_cv3.1/one2one_cv3.1.1/one2one_cv3.1.1.0/act/Mul_output_0_QuantizeLinear	50	47.05154	45.480000000000004	53.59695	stage55-selected-explicit-or-measured	50 complete profiled observations
176	-1	lut1	full_executor	/model.22/m.0/m.0.0/cv1/act/Mul_output_0_QuantizeLinear	50	13.14692	13.125499999999999	13.79155	stage55-selected-explicit-or-measured	50 complete profiled observations
179	-1	lut1	full_executor	/model.23/one2one_cv3.1/one2one_cv3.1.1/one2one_cv3.1.1.1/act/Mul_output_0_QuantizeLinear	50	43.3833	42.7715	46.346500000000006	stage55-selected-explicit-or-measured	50 complete profiled observations
180	-1	lut2	full_executor	/model.22/m.0/m.0.0/Add_output_0_QuantizeLinear	50	52.23586	50.313	60.95944999999999	stage55-selected-explicit-or-measured	50 complete profiled observations
183	-1	split	full_executor	/model.22/m.0/m.0.1/attn/Split	50	227.58541999999997	227.171	228.35954999999998	stage55-selected-explicit-or-measured	50 complete profiled observations
184	-1	split	full_executor	/model.22/m.0/m.0.1/attn/Split	50	454.46576	452.778	454.2695	stage55-selected-explicit-or-measured	50 complete profiled observations
185	-1	reshape_split_transpose	full_executor	/model.22/m.0/m.0.1/attn/Transpose	50	225.91782	224.212	226.94774999999998	stage55-selected-explicit-or-measured	50 complete profiled observations
186	-1	reshape	full_executor	/model.22/m.0/m.0.1/attn/Reshape_2	50	25.953699999999998	25.417	31.14215	stage55-selected-explicit-or-measured	50 complete profiled observations
189	-1	softmax_transpose	full_executor	/model.22/m.0/m.0.1/attn/Transpose_1	50	3037.93464	3032.4875	3096.93835	stage55-selected-explicit-or-measured	50 complete profiled observations
19	-1	lut1	fused_into_dense_conv	/model.4/m.0/cv1/act/Mul_output_0_QuantizeLinear	50	0.0	0.0	0.0	stage55-selected-explicit-or-measured	50 complete profiled observations
191	-1	lut2	full_executor	/model.22/m.0/m.0.1/attn/Add_output_0_QuantizeLinear	50	1477.85662	1476.107	1491.3199	stage55-selected-explicit-or-measured	50 complete profiled observations
193	-1	lut2	full_executor	/model.22/m.0/m.0.1/Add_output_0_QuantizeLinear	50	76.1096	73.77250000000001	77.39694999999999	stage55-selected-explicit-or-measured	50 complete profiled observations
195	-1	lut1	fused_into_dense_conv	/model.22/m.0/m.0.1/ffn/ffn.0/act/Mul_output_0_QuantizeLinear	50	0.0	0.0	0.0	stage55-selected-explicit-or-measured	50 complete profiled observations
197	-1	lut2	full_executor	/model.22/m.0/m.0.1/Add_1_output_0@/model.22/Concat_output_0_QuantizeLinear_Output	50	62.563559999999995	61.042500000000004	65.5241	stage55-selected-explicit-or-measured	50 complete profiled observations
198	-1	concat	full_executor	/model.22/Concat	50	93.27992	92.27250000000001	97.8638	stage55-selected-explicit-or-measured	50 complete profiled observations
2	-1	lut1	full_executor	/model.0/act/Mul_output_0_QuantizeLinear	50	897.07972	891.557	919.3401499999999	stage55-selected-explicit-or-measured	50 complete profiled observations
200	-1	lut1	fused_into_dense_conv	/model.22/cv2/act/Mul_output_0_QuantizeLinear	50	0.0	0.0	0.0	stage55-selected-explicit-or-measured	50 complete profiled observations
203	-1	lut1	full_executor	/model.23/one2one_cv2.2/one2one_cv2.2.0/act/Mul_output_0_QuantizeLinear	50	9.458440000000001	9.417	10.292	stage55-selected-explicit-or-measured	50 complete profiled observations
204	-1	lut1	full_executor	/model.23/one2one_cv3.2/one2one_cv3.2.0/one2one_cv3.2.0.0/act/Mul_output_0_QuantizeLinear	50	33.77802	33.4795	34.001	stage55-selected-explicit-or-measured	50 complete profiled observations
207	-1	lut1	full_executor	/model.23/one2one_cv2.2/one2one_cv2.2.1/act/Mul_output_0_QuantizeLinear	50	7.5143200000000006	7.375500000000001	8.1334	stage55-selected-explicit-or-measured	50 complete profiled observations
208	-1	lut1	full_executor	/model.23/one2one_cv3.2/one2one_cv3.2.0/one2one_cv3.2.0.1/act/Mul_output_0_QuantizeLinear	50	15.85604	15.6875	17.06455	stage55-selected-explicit-or-measured	50 complete profiled observations
21	-1	lut2	full_executor	/model.4/m.0/Add_output_0@/model.4/Concat_output_0_QuantizeLinear_Output	50	214.97104	212.4405	250.37695	stage55-selected-explicit-or-measured	50 complete profiled observations
211	-1	lut1	full_executor	/model.23/one2one_cv3.2/one2one_cv3.2.1/one2one_cv3.2.1.0/act/Mul_output_0_QuantizeLinear	50	11.576839999999999	11.542	11.98155	stage55-selected-explicit-or-measured	50 complete profiled observations
213	-1	lut1	full_executor	/model.23/one2one_cv3.2/one2one_cv3.2.1/one2one_cv3.2.1.1/act/Mul_output_0_QuantizeLinear	50	17.22852	17.396	18.5042	stage55-selected-explicit-or-measured	50 complete profiled observations
22	-1	concat	full_executor	/model.4/Concat	50	343.89056	343.3805	383.5374999999999	stage55-selected-explicit-or-measured	50 complete profiled observations
25	1	conv	resident_core	/model.5/conv/Conv	50	3503.70882	3501.8485	3574.608	stage55-selected-explicit-or-measured	50 complete profiled observations
27	2	conv	resident_core	/model.6/cv1/conv/Conv	50	1231.64012	1228.458	1278.2127	stage55-selected-explicit-or-measured	50 complete profiled observations
29	3	conv	resident_core	/model.6/m.0/cv1/conv/Conv	50	258.90088	257.233	264.0312	stage55-selected-explicit-or-measured	50 complete profiled observations
30	4	conv	resident_core	/model.6/m.0/cv2/conv/Conv	50	263.02344	261.9	273.2361	stage55-selected-explicit-or-measured	50 complete profiled observations
32	5	conv	resident_core	/model.6/m.0/m/m.0/cv1/conv/Conv	50	544.8914	545.009	549.35245	stage55-selected-explicit-or-measured	50 complete profiled observations
34	6	conv	resident_core	/model.6/m.0/m/m.0/cv2/conv/Conv	50	547.94316	542.592	588.8535999999999	stage55-selected-explicit-or-measured	50 complete profiled observations
36	8	conv	resident_core	/model.6/m.0/m/m.1/cv1/conv/Conv	50	554.3789	538.342	596.2973499999999	stage55-selected-explicit-or-measured	50 complete profiled observations
38	9	conv	resident_core	/model.6/m.0/m/m.1/cv2/conv/Conv	50	575.9603	558.801	619.0125999999999	stage55-selected-explicit-or-measured	50 complete profiled observations
4	-1	lut1	fused_into_dense_conv	/model.1/act/Mul_output_0_QuantizeLinear	50	0.0	0.0	0.0	stage55-selected-explicit-or-measured	50 complete profiled observations
40	11	concat	resident_core	/model.6/m.0/Concat	50	5.9576199999999995	5.917	6.5462	stage55-selected-explicit-or-measured	50 complete profiled observations
41	12	conv	resident_core	/model.6/m.0/cv3/conv/Conv	50	525.12942	511.80050000000006	592.1908	stage55-selected-explicit-or-measured	50 complete profiled observations
42	13	concat	resident_core	/model.6/Concat	50	57.645900000000005	55.230000000000004	58.51075	stage55-selected-explicit-or-measured	50 complete profiled observations
43	14	conv	resident_core	/model.6/cv2/conv/Conv	50	1393.24932	1368.8139999999999	1416.7855	stage55-selected-explicit-or-measured	50 complete profiled observations
45	15	conv	resident_core	/model.7/conv/Conv	50	1746.0342	1729.5900000000001	1801.0312000000001	stage55-selected-explicit-or-measured	50 complete profiled observations
47	16	conv	resident_core	/model.8/cv1/conv/Conv	50	742.3345999999999	730.7825	779.77915	stage55-selected-explicit-or-measured	50 complete profiled observations
49	17	conv	resident_core	/model.8/m.0/cv1/conv/Conv	50	157.47754	155.27300000000002	178.4215999999999	stage55-selected-explicit-or-measured	50 complete profiled observations
50	18	conv	resident_core	/model.8/m.0/cv2/conv/Conv	50	157.005	155.7945	158.752	stage55-selected-explicit-or-measured	50 complete profiled observations
52	19	conv	resident_core	/model.8/m.0/m/m.0/cv1/conv/Conv	50	450.79339999999996	450.403	459.66355	stage55-selected-explicit-or-measured	50 complete profiled observations
54	20	conv	resident_core	/model.8/m.0/m/m.0/cv2/conv/Conv	50	433.27278	432.4445	438.60265	stage55-selected-explicit-or-measured	50 complete profiled observations
56	22	conv	resident_core	/model.8/m.0/m/m.1/cv1/conv/Conv	50	439.35388	436.882	459.78649999999993	stage55-selected-explicit-or-measured	50 complete profiled observations
58	23	conv	resident_core	/model.8/m.0/m/m.1/cv2/conv/Conv	50	435.93462	433.8405	457.2114999999999	stage55-selected-explicit-or-measured	50 complete profiled observations
6	-1	split	full_executor	/model.2/Split	50	169.59522	167.1485	181.2257	stage55-selected-explicit-or-measured	50 complete profiled observations
60	25	concat	resident_core	/model.8/m.0/Concat	50	5.7375	5.7915	6.21265	stage55-selected-explicit-or-measured	50 complete profiled observations
61	26	conv	resident_core	/model.8/m.0/cv3/conv/Conv	50	301.52404	298.96299999999997	333.0974	stage55-selected-explicit-or-measured	50 complete profiled observations
62	27	concat	resident_core	/model.8/Concat	50	29.41626	29.396500000000003	31.10665	stage55-selected-explicit-or-measured	50 complete profiled observations
63	28	conv	resident_core	/model.8/cv2/conv/Conv	50	878.01848	879.3475000000001	919.2897	stage55-selected-explicit-or-measured	50 complete profiled observations
65	29	conv	resident_core	/model.9/cv1/conv/Conv	50	396.71227999999996	389.94399999999996	427.3676	stage55-selected-explicit-or-measured	50 complete profiled observations
66	33	concat	resident_core	/model.9/Concat	50	99.36334000000001	98.7515	105.8254	stage55-selected-explicit-or-measured	50 complete profiled observations
67	34	conv	resident_core	/model.9/cv2/conv/Conv	50	1007.1605599999999	1007.829	1071.13385	stage55-selected-explicit-or-measured	50 complete profiled observations
70	-1	split	full_executor	/model.10/Split	50	28.70868	28.125500000000002	30.858549999999997	stage55-selected-explicit-or-measured	50 complete profiled observations
72	-1	split	full_executor	/model.10/m/m.0/attn/Split	50	229.95464	227.06599999999997	250.06634999999991	stage55-selected-explicit-or-measured	50 complete profiled observations
73	-1	split	full_executor	/model.10/m/m.0/attn/Split	50	454.6799	452.382	472.8885499999999	stage55-selected-explicit-or-measured	50 complete profiled observations
74	-1	reshape_split_transpose	full_executor	/model.10/m/m.0/attn/Transpose	50	226.42291999999998	225.087	228.78959999999998	stage55-selected-explicit-or-measured	50 complete profiled observations
75	-1	reshape	full_executor	/model.10/m/m.0/attn/Reshape_2	50	24.41212	24.125500000000002	28.148249999999997	stage55-selected-explicit-or-measured	50 complete profiled observations
78	-1	softmax_transpose	full_executor	/model.10/m/m.0/attn/Transpose_1	50	3573.43826	3572.5995000000003	3597.7147	stage55-selected-explicit-or-measured	50 complete profiled observations
8	-1	lut1	fused_into_dense_conv	/model.2/m.0/cv1/act/Mul_output_0_QuantizeLinear	50	0.0	0.0	0.0	stage55-selected-explicit-or-measured	50 complete profiled observations
80	-1	lut2	full_executor	/model.10/m/m.0/attn/Add_output_0_QuantizeLinear	50	1483.29588	1478.6695	1504.97415	stage55-selected-explicit-or-measured	50 complete profiled observations
82	-1	lut2	full_executor	/model.10/m/m.0/Add_output_0_QuantizeLinear	50	55.87674	54.918	56.7593	stage55-selected-explicit-or-measured	50 complete profiled observations
84	-1	lut1	fused_into_dense_conv	/model.10/m/m.0/ffn/ffn.0/act/Mul_output_0_QuantizeLinear	50	0.0	0.0	0.0	stage55-selected-explicit-or-measured	50 complete profiled observations
86	-1	lut2	full_executor	/model.10/m/m.0/Add_1_output_0@/model.10/Concat_output_0_QuantizeLinear_Output	50	67.27692	66.8345	71.29735	stage55-selected-explicit-or-measured	50 complete profiled observations
87	-1	concat	full_executor	/model.10/Concat	50	64.04358	61.480000000000004	67.33455	stage55-selected-explicit-or-measured	50 complete profiled observations
89	-1	concat	full_executor	/model.12/Concat	50	496.26978	491.54949999999997	568.25535	stage55-selected-explicit-or-measured	50 complete profiled observations
91	-1	split	full_executor	/model.13/Split	50	50.30984	50.126000000000005	52.1901	stage55-selected-explicit-or-measured	50 complete profiled observations
94	-1	lut1	full_executor	/model.13/m.0/cv1/act/Mul_output_0_QuantizeLinear	50	24.68878	24.438000000000002	26.626	stage55-selected-explicit-or-measured	50 complete profiled observations
96	-1	lut1	fused_into_dense_conv	/model.13/m.0/m/m.0/cv1/act/Mul_output_0_QuantizeLinear	50	0.0	0.0	0.0	stage55-selected-explicit-or-measured	50 complete profiled observations
98	-1	lut2	full_executor	/model.13/m.0/m/m.0/Add_output_0_QuantizeLinear	50	50.611720000000005	49.543	52.067299999999996	stage55-selected-explicit-or-measured	50 complete profiled observations
