resolution	bin_kind	bin	ground_truth_count	true_positive_count	false_negative_count	unmatched_detection_count	recall_iou50	precision_iou50_diagnostic	confidence_threshold	matching
640	area_class	small	15264	10781	4483	301920	0.7063024109014675	0.03447702437792012	0.001	greedy-score-descending-same-class-iou>=0.50
640	area_class	medium	12392	11326	1066	235032	0.9139767591994835	0.04597374552480536	0.001	greedy-score-descending-same-class-iou>=0.50
640	area_class	large	8679	8448	231	154248	0.973384030418251	0.05192506269361263	0.001	greedy-score-descending-same-class-iou>=0.50
640	shorter_side_bin	0-8	2386	856	1530	51061	0.35875943000838223	0.016487855615694283	0.001	greedy-score-descending-same-class-iou>=0.50
640	shorter_side_bin	8-12	2481	1605	876	69530	0.6469165659008465	0.02256273283193927	0.001	greedy-score-descending-same-class-iou>=0.50
640	shorter_side_bin	12-16	2402	1788	614	71784	0.7443796835970025	0.024302723862338935	0.001	greedy-score-descending-same-class-iou>=0.50
640	shorter_side_bin	16-24	4122	3316	806	113602	0.804463852498787	0.028361757813168204	0.001	greedy-score-descending-same-class-iou>=0.50
640	shorter_side_bin	24-32	3233	2745	488	74616	0.8490566037735849	0.03548299530771319	0.001	greedy-score-descending-same-class-iou>=0.50
640	shorter_side_bin	32-48	4688	4163	525	86814	0.8880119453924915	0.045758818162832365	0.001	greedy-score-descending-same-class-iou>=0.50
640	shorter_side_bin	48-64	3210	2918	292	46982	0.9090342679127725	0.05847695390781563	0.001	greedy-score-descending-same-class-iou>=0.50
640	shorter_side_bin	64-96	4221	3908	313	55823	0.9258469556977019	0.06542666287187558	0.001	greedy-score-descending-same-class-iou>=0.50
640	shorter_side_bin	>=96	9592	9256	336	120988	0.9649708090075062	0.07106661343324837	0.001	greedy-score-descending-same-class-iou>=0.50
640	height_bin	0-8	1182	308	874	27157	0.26057529610829105	0.011214272710722738	0.001	greedy-score-descending-same-class-iou>=0.50
640	height_bin	8-12	1413	699	714	36745	0.49469214437367304	0.018667877363529536	0.001	greedy-score-descending-same-class-iou>=0.50
640	height_bin	12-16	1593	990	603	47504	0.6214689265536724	0.020414896688250094	0.001	greedy-score-descending-same-class-iou>=0.50
640	height_bin	16-24	3105	2230	875	90907	0.7181964573268921	0.023943223423558844	0.001	greedy-score-descending-same-class-iou>=0.50
640	height_bin	24-32	2867	2264	603	75210	0.7896756191140565	0.029222706972661796	0.001	greedy-score-descending-same-class-iou>=0.50
640	height_bin	32-48	4651	3978	673	104416	0.8552999354977424	0.03669944830894699	0.001	greedy-score-descending-same-class-iou>=0.50
640	height_bin	48-64	3294	2892	402	65760	0.8779599271402551	0.042125502534521936	0.001	greedy-score-descending-same-class-iou>=0.50
640	height_bin	64-96	4546	4085	461	73190	0.8985921689397273	0.05286315108379165	0.001	greedy-score-descending-same-class-iou>=0.50
640	height_bin	>=96	13684	13109	575	170311	0.9579801227711195	0.0714698506160724	0.001	greedy-score-descending-same-class-iou>=0.50
512	area_class	small	15264	9528	5736	253857	0.6242138364779874	0.03617518081895325	0.001	greedy-score-descending-same-class-iou>=0.50
512	area_class	medium	12392	11216	1176	254210	0.9051000645577792	0.04225659882603814	0.001	greedy-score-descending-same-class-iou>=0.50
512	area_class	large	8679	8431	248	142459	0.9714252794100703	0.05587514083106899	0.001	greedy-score-descending-same-class-iou>=0.50
512	shorter_side_bin	0-8	3618	1089	2529	43953	0.3009950248756219	0.024177434394565073	0.001	greedy-score-descending-same-class-iou>=0.50
512	shorter_side_bin	8-12	3066	1878	1188	75779	0.6125244618395304	0.02418326744530435	0.001	greedy-score-descending-same-class-iou>=0.50
512	shorter_side_bin	12-16	2788	2021	767	78152	0.7248923959827833	0.025207987726541356	0.001	greedy-score-descending-same-class-iou>=0.50
512	shorter_side_bin	16-24	4442	3514	928	118052	0.7910850968032418	0.028906108615895893	0.001	greedy-score-descending-same-class-iou>=0.50
512	shorter_side_bin	24-32	3326	2867	459	74451	0.8619963920625375	0.03708062805556274	0.001	greedy-score-descending-same-class-iou>=0.50
512	shorter_side_bin	32-48	4541	4041	500	83540	0.8898920942523674	0.046140144551900526	0.001	greedy-score-descending-same-class-iou>=0.50
512	shorter_side_bin	48-64	3155	2873	282	43250	0.9106180665610143	0.06228996379246796	0.001	greedy-score-descending-same-class-iou>=0.50
512	shorter_side_bin	64-96	3826	3554	272	49317	0.9289074751698903	0.06722021524086928	0.001	greedy-score-descending-same-class-iou>=0.50
512	shorter_side_bin	>=96	7573	7338	235	84032	0.9689687046084775	0.08031082412170297	0.001	greedy-score-descending-same-class-iou>=0.50
512	height_bin	0-8	1850	384	1466	20723	0.20756756756756756	0.01819301653479888	0.001	greedy-score-descending-same-class-iou>=0.50
512	height_bin	8-12	1942	882	1060	40680	0.45417095777548916	0.02122130792550888	0.001	greedy-score-descending-same-class-iou>=0.50
512	height_bin	12-16	2011	1186	825	52167	0.5897563401292889	0.0222293029445392	0.001	greedy-score-descending-same-class-iou>=0.50
512	height_bin	16-24	3689	2531	1158	99326	0.6860937923556519	0.024848562199946984	0.001	greedy-score-descending-same-class-iou>=0.50
512	height_bin	24-32	3201	2525	676	77961	0.788815995001562	0.03137191561265313	0.001	greedy-score-descending-same-class-iou>=0.50
512	height_bin	32-48	4646	3936	710	104620	0.8471803702109342	0.036257784000884336	0.001	greedy-score-descending-same-class-iou>=0.50
512	height_bin	48-64	3345	2954	391	62517	0.8831091180866966	0.045119213086710144	0.001	greedy-score-descending-same-class-iou>=0.50
512	height_bin	64-96	4392	3951	441	67900	0.8995901639344263	0.05498879625892472	0.001	greedy-score-descending-same-class-iou>=0.50
512	height_bin	>=96	11259	10826	433	124632	0.9615418776090239	0.07992145166767559	0.001	greedy-score-descending-same-class-iou>=0.50
448	area_class	small	15264	8820	6444	236486	0.5778301886792453	0.03595509282284168	0.001	greedy-score-descending-same-class-iou>=0.50
448	area_class	medium	12392	11120	1272	272162	0.8973531310522918	0.03925417075564279	0.001	greedy-score-descending-same-class-iou>=0.50
448	area_class	large	8679	8409	270	140732	0.9688904251641894	0.05638288599379111	0.001	greedy-score-descending-same-class-iou>=0.50
448	shorter_side_bin	0-8	4490	1269	3221	51850	0.2826280623608018	0.02388975696078616	0.001	greedy-score-descending-same-class-iou>=0.50
448	shorter_side_bin	8-12	3458	2073	1385	83932	0.5994794679005205	0.024103249811057496	0.001	greedy-score-descending-same-class-iou>=0.50
448	shorter_side_bin	12-16	2939	2135	804	84046	0.7264375637972099	0.024773441941959365	0.001	greedy-score-descending-same-class-iou>=0.50
448	shorter_side_bin	16-24	4535	3643	892	120346	0.8033076074972436	0.02938163869375509	0.001	greedy-score-descending-same-class-iou>=0.50
448	shorter_side_bin	24-32	3316	2853	463	73144	0.8603739445114595	0.03754095556403542	0.001	greedy-score-descending-same-class-iou>=0.50
448	shorter_side_bin	32-48	4548	4044	504	80768	0.8891820580474934	0.04768193180210348	0.001	greedy-score-descending-same-class-iou>=0.50
448	shorter_side_bin	48-64	2975	2703	272	40282	0.9085714285714286	0.06288240083750145	0.001	greedy-score-descending-same-class-iou>=0.50
448	shorter_side_bin	64-96	3650	3398	252	45605	0.930958904109589	0.06934269330449157	0.001	greedy-score-descending-same-class-iou>=0.50
448	shorter_side_bin	>=96	6424	6231	193	69407	0.9699564134495642	0.08237922737248474	0.001	greedy-score-descending-same-class-iou>=0.50
448	height_bin	0-8	2384	454	1930	25925	0.19043624161073824	0.017210659994692748	0.001	greedy-score-descending-same-class-iou>=0.50
448	height_bin	8-12	2248	974	1274	45639	0.4332740213523132	0.02089545834852938	0.001	greedy-score-descending-same-class-iou>=0.50
448	height_bin	12-16	2242	1275	967	58471	0.5686886708296164	0.021340340775951528	0.001	greedy-score-descending-same-class-iou>=0.50
448	height_bin	16-24	4093	2834	1259	105700	0.692401661373076	0.02611163322092616	0.001	greedy-score-descending-same-class-iou>=0.50
448	height_bin	24-32	3308	2621	687	80276	0.7923216444981862	0.03161754948912506	0.001	greedy-score-descending-same-class-iou>=0.50
448	height_bin	32-48	4651	3939	712	103281	0.8469146420124705	0.03673754896474538	0.001	greedy-score-descending-same-class-iou>=0.50
448	height_bin	48-64	3196	2810	386	60274	0.8792240300375469	0.04454378289265107	0.001	greedy-score-descending-same-class-iou>=0.50
448	height_bin	64-96	4358	3950	408	64452	0.9063790729692519	0.057746849507324345	0.001	greedy-score-descending-same-class-iou>=0.50
448	height_bin	>=96	9855	9492	363	105362	0.963165905631659	0.08264405244919637	0.001	greedy-score-descending-same-class-iou>=0.50
416	area_class	small	15264	8408	6856	219434	0.55083857442348	0.03690276595184382	0.001	greedy-score-descending-same-class-iou>=0.50
416	area_class	medium	12392	11000	1392	282530	0.8876694641704326	0.0374748747998501	0.001	greedy-score-descending-same-class-iou>=0.50
416	area_class	large	8679	8405	274	140020	0.9684295425740292	0.05662792656223682	0.001	greedy-score-descending-same-class-iou>=0.50
416	shorter_side_bin	0-8	5062	1381	3681	49923	0.27281706835242986	0.026917979104943084	0.001	greedy-score-descending-same-class-iou>=0.50
416	shorter_side_bin	8-12	3608	2144	1464	87263	0.5942350332594235	0.023980225262004093	0.001	greedy-score-descending-same-class-iou>=0.50
416	shorter_side_bin	12-16	2990	2163	827	86854	0.7234113712374582	0.024298729456171293	0.001	greedy-score-descending-same-class-iou>=0.50
416	shorter_side_bin	16-24	4645	3733	912	121363	0.803659849300323	0.02984108204898638	0.001	greedy-score-descending-same-class-iou>=0.50
416	shorter_side_bin	24-32	3301	2826	475	73070	0.8561042108451984	0.037235163908506376	0.001	greedy-score-descending-same-class-iou>=0.50
416	shorter_side_bin	32-48	4512	4008	504	79426	0.8882978723404256	0.04803797013208045	0.001	greedy-score-descending-same-class-iou>=0.50
416	shorter_side_bin	48-64	2869	2593	276	39130	0.9037992331822935	0.0621479759365338	0.001	greedy-score-descending-same-class-iou>=0.50
416	shorter_side_bin	64-96	3464	3258	206	42848	0.9405311778290993	0.07066325424022904	0.001	greedy-score-descending-same-class-iou>=0.50
416	shorter_side_bin	>=96	5884	5707	177	62107	0.9699184228416043	0.08415666381573127	0.001	greedy-score-descending-same-class-iou>=0.50
416	height_bin	0-8	2716	510	2206	21232	0.1877761413843888	0.02345690368871309	0.001	greedy-score-descending-same-class-iou>=0.50
416	height_bin	8-12	2474	1027	1447	48480	0.41511721907841553	0.020744541175995314	0.001	greedy-score-descending-same-class-iou>=0.50
416	height_bin	12-16	2335	1316	1019	61364	0.5635974304068523	0.020995532865347798	0.001	greedy-score-descending-same-class-iou>=0.50
416	height_bin	16-24	4291	2970	1321	108427	0.6921463528315078	0.02666140021724104	0.001	greedy-score-descending-same-class-iou>=0.50
416	height_bin	24-32	3290	2578	712	80931	0.7835866261398177	0.030870924092014033	0.001	greedy-score-descending-same-class-iou>=0.50
416	height_bin	32-48	4717	3977	740	102871	0.84312062751749	0.03722109913147649	0.001	greedy-score-descending-same-class-iou>=0.50
416	height_bin	48-64	3118	2751	367	59259	0.8822963438101347	0.04436381228834059	0.001	greedy-score-descending-same-class-iou>=0.50
416	height_bin	64-96	4312	3934	378	62373	0.9123376623376623	0.059330085812960925	0.001	greedy-score-descending-same-class-iou>=0.50
416	height_bin	>=96	9082	8750	332	97047	0.9634441752917859	0.08270555875875497	0.001	greedy-score-descending-same-class-iou>=0.50
384	area_class	small	15264	7823	7441	208152	0.5125131027253669	0.03622178492881121	0.001	greedy-score-descending-same-class-iou>=0.50
384	area_class	medium	12392	10943	1449	296483	0.8830697224015494	0.03559555795541041	0.001	greedy-score-descending-same-class-iou>=0.50
384	area_class	large	8679	8383	296	140417	0.9658946883281484	0.05633736559139785	0.001	greedy-score-descending-same-class-iou>=0.50
384	shorter_side_bin	0-8	5701	1437	4264	56648	0.25206104192246975	0.024739605750193683	0.001	greedy-score-descending-same-class-iou>=0.50
384	shorter_side_bin	8-12	3771	2227	1544	93029	0.590559533280297	0.023379104728311076	0.001	greedy-score-descending-same-class-iou>=0.50
384	shorter_side_bin	12-16	3079	2190	889	89262	0.7112698928223449	0.023946988584175304	0.001	greedy-score-descending-same-class-iou>=0.50
384	shorter_side_bin	16-24	4689	3758	931	123521	0.8014502026018341	0.02952568766253663	0.001	greedy-score-descending-same-class-iou>=0.50
384	shorter_side_bin	24-32	3302	2854	448	73086	0.8643246517262265	0.03758230181722413	0.001	greedy-score-descending-same-class-iou>=0.50
384	shorter_side_bin	32-48	4394	3896	498	76875	0.8866636322257624	0.04823513389706702	0.001	greedy-score-descending-same-class-iou>=0.50
384	shorter_side_bin	48-64	2772	2508	264	37311	0.9047619047619048	0.06298500715738718	0.001	greedy-score-descending-same-class-iou>=0.50
384	shorter_side_bin	64-96	3354	3163	191	40271	0.9430530709600478	0.07282313395036147	0.001	greedy-score-descending-same-class-iou>=0.50
384	shorter_side_bin	>=96	5273	5116	157	55049	0.9702256779821733	0.08503282639408294	0.001	greedy-score-descending-same-class-iou>=0.50
384	height_bin	0-8	3113	501	2612	25372	0.1609380019274012	0.019363815560623044	0.001	greedy-score-descending-same-class-iou>=0.50
384	height_bin	8-12	2690	1116	1574	51766	0.41486988847583645	0.02110358912295299	0.001	greedy-score-descending-same-class-iou>=0.50
384	height_bin	12-16	2489	1362	1127	64679	0.5472077139413419	0.020623552035856512	0.001	greedy-score-descending-same-class-iou>=0.50
384	height_bin	16-24	4401	2998	1403	112572	0.6812088161781413	0.025940988145712555	0.001	greedy-score-descending-same-class-iou>=0.50
384	height_bin	24-32	3322	2612	710	82600	0.786273329319687	0.030652959677040792	0.001	greedy-score-descending-same-class-iou>=0.50
384	height_bin	32-48	4669	3920	749	102029	0.8395802098950524	0.03699893344911231	0.001	greedy-score-descending-same-class-iou>=0.50
384	height_bin	48-64	3130	2764	366	58201	0.8830670926517572	0.045337488723037805	0.001	greedy-score-descending-same-class-iou>=0.50
384	height_bin	64-96	4170	3829	341	59676	0.9182254196642686	0.06029446500275569	0.001	greedy-score-descending-same-class-iou>=0.50
384	height_bin	>=96	8351	8047	304	88157	0.9635971739911388	0.08364517067897385	0.001	greedy-score-descending-same-class-iou>=0.50
352	area_class	small	15264	7170	8094	190717	0.46973270440251574	0.036232799527002785	0.001	greedy-score-descending-same-class-iou>=0.50
352	area_class	medium	12392	10769	1623	311370	0.8690284054228534	0.03342966855922443	0.001	greedy-score-descending-same-class-iou>=0.50
352	area_class	large	8679	8354	325	143423	0.9625532895494873	0.05504127766394118	0.001	greedy-score-descending-same-class-iou>=0.50
352	shorter_side_bin	0-8	6425	1521	4904	59677	0.23673151750972762	0.02485375339063368	0.001	greedy-score-descending-same-class-iou>=0.50
352	shorter_side_bin	8-12	3972	2258	1714	98124	0.5684793554884189	0.02249407264250563	0.001	greedy-score-descending-same-class-iou>=0.50
352	shorter_side_bin	12-16	3155	2247	908	91461	0.712202852614897	0.02397874247662953	0.001	greedy-score-descending-same-class-iou>=0.50
352	shorter_side_bin	16-24	4625	3676	949	124742	0.7948108108108108	0.028625270600694606	0.001	greedy-score-descending-same-class-iou>=0.50
352	shorter_side_bin	24-32	3269	2785	484	73340	0.8519424900581217	0.03658456486042693	0.001	greedy-score-descending-same-class-iou>=0.50
352	shorter_side_bin	32-48	4334	3822	512	75283	0.8818643285648362	0.048315529991783075	0.001	greedy-score-descending-same-class-iou>=0.50
352	shorter_side_bin	48-64	2724	2476	248	36101	0.908957415565345	0.06418332166835161	0.001	greedy-score-descending-same-class-iou>=0.50
352	shorter_side_bin	64-96	3185	2998	187	38705	0.941287284144427	0.07188931251948301	0.001	greedy-score-descending-same-class-iou>=0.50
352	shorter_side_bin	>=96	4646	4510	136	48077	0.970727507533362	0.08576264095689048	0.001	greedy-score-descending-same-class-iou>=0.50
352	height_bin	0-8	3612	562	3050	26880	0.15559246954595793	0.020479556883609067	0.001	greedy-score-descending-same-class-iou>=0.50
352	height_bin	8-12	2871	1092	1779	54724	0.38035527690700105	0.019564282642969756	0.001	greedy-score-descending-same-class-iou>=0.50
352	height_bin	12-16	2685	1438	1247	67252	0.5355679702048417	0.020934633862279808	0.001	greedy-score-descending-same-class-iou>=0.50
352	height_bin	16-24	4492	3025	1467	115761	0.6734194122885129	0.025465964002491875	0.001	greedy-score-descending-same-class-iou>=0.50
352	height_bin	24-32	3312	2570	742	83881	0.7759661835748792	0.029727822697250467	0.001	greedy-score-descending-same-class-iou>=0.50
352	height_bin	32-48	4657	3918	739	102116	0.8413141507408203	0.036950412131957676	0.001	greedy-score-descending-same-class-iou>=0.50
352	height_bin	48-64	3150	2742	408	57129	0.8704761904761905	0.04579846670341234	0.001	greedy-score-descending-same-class-iou>=0.50
352	height_bin	64-96	4048	3724	324	58061	0.9199604743083004	0.060273529173747675	0.001	greedy-score-descending-same-class-iou>=0.50
352	height_bin	>=96	7508	7222	286	79706	0.9619072988811934	0.08308025032210566	0.001	greedy-score-descending-same-class-iou>=0.50
320	area_class	small	15264	6533	8731	163502	0.4280005241090147	0.03842150145558267	0.001	greedy-score-descending-same-class-iou>=0.50
320	area_class	medium	12392	10647	1745	325642	0.8591833440929632	0.03166026840009634	0.001	greedy-score-descending-same-class-iou>=0.50
320	area_class	large	8679	8368	311	150075	0.9641663786150478	0.052813945709182485	0.001	greedy-score-descending-same-class-iou>=0.50
320	shorter_side_bin	0-8	7269	1636	5633	61561	0.22506534598981978	0.025887304777125496	0.001	greedy-score-descending-same-class-iou>=0.50
320	shorter_side_bin	8-12	4122	2310	1812	98660	0.5604075691411936	0.022878082598791722	0.001	greedy-score-descending-same-class-iou>=0.50
320	shorter_side_bin	12-16	3233	2271	962	94134	0.7024435508815342	0.023556869456978373	0.001	greedy-score-descending-same-class-iou>=0.50
320	shorter_side_bin	16-24	4688	3737	951	125250	0.797141638225256	0.02897191189809826	0.001	greedy-score-descending-same-class-iou>=0.50
320	shorter_side_bin	24-32	3210	2742	468	72726	0.8542056074766355	0.036333280330736205	0.001	greedy-score-descending-same-class-iou>=0.50
320	shorter_side_bin	32-48	4221	3739	482	73556	0.8858090499881545	0.048373115984216314	0.001	greedy-score-descending-same-class-iou>=0.50
320	shorter_side_bin	48-64	2554	2353	201	34619	0.9212999216914644	0.06364275668073137	0.001	greedy-score-descending-same-class-iou>=0.50
320	shorter_side_bin	64-96	3075	2906	169	36304	0.9450406504065041	0.07411374649324153	0.001	greedy-score-descending-same-class-iou>=0.50
320	shorter_side_bin	>=96	3963	3854	109	42409	0.9724955841534191	0.08330631390095757	0.001	greedy-score-descending-same-class-iou>=0.50
320	height_bin	0-8	4188	603	3585	28086	0.14398280802292263	0.021018508836139288	0.001	greedy-score-descending-same-class-iou>=0.50
320	height_bin	8-12	3105	1157	1948	55673	0.37262479871175525	0.020358965335210276	0.001	greedy-score-descending-same-class-iou>=0.50
320	height_bin	12-16	2867	1500	1367	69665	0.5231949773282176	0.02107777699711937	0.001	greedy-score-descending-same-class-iou>=0.50
320	height_bin	16-24	4651	3136	1515	117219	0.6742635992259729	0.02605625025964854	0.001	greedy-score-descending-same-class-iou>=0.50
320	height_bin	24-32	3294	2529	765	83712	0.76775956284153	0.029324799109472294	0.001	greedy-score-descending-same-class-iou>=0.50
320	height_bin	32-48	4546	3820	726	100693	0.8402991641003079	0.03655047697415632	0.001	greedy-score-descending-same-class-iou>=0.50
320	height_bin	48-64	3078	2735	343	56809	0.8885640025990903	0.04593241972322988	0.001	greedy-score-descending-same-class-iou>=0.50
320	height_bin	64-96	3940	3626	314	55519	0.9203045685279188	0.061306957477386084	0.001	greedy-score-descending-same-class-iou>=0.50
320	height_bin	>=96	6666	6442	224	71843	0.9663966396639664	0.08228907198058376	0.001	greedy-score-descending-same-class-iou>=0.50
256	area_class	small	15264	4752	10512	111816	0.3113207547169811	0.04076590487955528	0.001	greedy-score-descending-same-class-iou>=0.50
256	area_class	medium	12392	10090	2302	352231	0.8142349903163331	0.027848234024525215	0.001	greedy-score-descending-same-class-iou>=0.50
256	area_class	large	8679	8277	402	168293	0.9536812996889042	0.04687659285269298	0.001	greedy-score-descending-same-class-iou>=0.50
256	shorter_side_bin	0-8	9472	1699	7773	72579	0.17937077702702703	0.022873529174183473	0.001	greedy-score-descending-same-class-iou>=0.50
256	shorter_side_bin	8-12	4442	2377	2065	110525	0.5351193156235929	0.021053657153991958	0.001	greedy-score-descending-same-class-iou>=0.50
256	shorter_side_bin	12-16	3326	2255	1071	96789	0.6779915814792543	0.022767658818302977	0.001	greedy-score-descending-same-class-iou>=0.50
256	shorter_side_bin	16-24	4541	3546	995	124692	0.780885267562211	0.027651710101529968	0.001	greedy-score-descending-same-class-iou>=0.50
256	shorter_side_bin	24-32	3155	2676	479	69202	0.8481774960380348	0.03722975041041765	0.001	greedy-score-descending-same-class-iou>=0.50
256	shorter_side_bin	32-48	3826	3381	445	67263	0.8836905384213277	0.047859690844233055	0.001	greedy-score-descending-same-class-iou>=0.50
256	shorter_side_bin	48-64	2300	2117	183	30778	0.9204347826086956	0.0643562851497188	0.001	greedy-score-descending-same-class-iou>=0.50
256	shorter_side_bin	64-96	2664	2536	128	30445	0.9519519519519519	0.07689275643552348	0.001	greedy-score-descending-same-class-iou>=0.50
256	shorter_side_bin	>=96	2609	2532	77	30067	0.9704867765427366	0.07767109420534372	0.001	greedy-score-descending-same-class-iou>=0.50
256	height_bin	0-8	5803	627	5176	32583	0.10804756160606582	0.018879855465221317	0.001	greedy-score-descending-same-class-iou>=0.50
256	height_bin	8-12	3689	1168	2521	63196	0.3166169693683925	0.018146790131129204	0.001	greedy-score-descending-same-class-iou>=0.50
256	height_bin	12-16	3201	1572	1629	74955	0.49109653233364575	0.020541769571523778	0.001	greedy-score-descending-same-class-iou>=0.50
256	height_bin	16-24	4646	2993	1653	121440	0.6442100731812311	0.0240531048837527	0.001	greedy-score-descending-same-class-iou>=0.50
256	height_bin	24-32	3345	2588	757	84074	0.7736920777279521	0.029863146477117998	0.001	greedy-score-descending-same-class-iou>=0.50
256	height_bin	32-48	4392	3656	736	97845	0.8324225865209471	0.036019349563058495	0.001	greedy-score-descending-same-class-iou>=0.50
256	height_bin	48-64	2908	2574	334	52684	0.8851444291609354	0.046581490462919393	0.001	greedy-score-descending-same-class-iou>=0.50
256	height_bin	64-96	3520	3273	247	49763	0.9298295454545454	0.06171279885360887	0.001	greedy-score-descending-same-class-iou>=0.50
256	height_bin	>=96	4831	4668	163	55800	0.966259573587249	0.0771978567176027	0.001	greedy-score-descending-same-class-iou>=0.50
