operation_index	resident_operation_index	kind	scope	name	category	implementation_status	samples	mean_us	stddev_us	cv_pct	min_us	median_us	p90_us	p95_us	p99_us	p999_us	max_us	full_wall_pct	logical_operation_index	model_block	input_shapes	output_shape	output_layout	macs	input_bytes	output_bytes	input_output_bytes	selected_implementation	worker_count	generic_logical_accessor_in_hot_loop	separate_materialization	fusion_or_view_eligibility
0	-1	input_quant	full_executor	images_QuantizeLinear	input_quantization_layout	stable-selected	50	12504.352820000002	151.0145019025832	1.207695464742838	12276.185	12521.771499999999	12670.9941	12708.78865	12860.502779999999	12939.387978	12948.153	5.215115237842852	0	executor	not-applicable	1x3x640x640	NCHWc8_SPATIAL_INNER_V1	0	0	3276800	3276800	full_executor:input_quant	1	no	no	not-applicable
1	-1	conv_dense	full_executor	/model.0/conv/Conv	dense_conv_outside_resident_region	stable-selected	50	9557.01284	28.92796328980538	0.3026883376019968	9517.268	9554.831	9596.4523	9601.6799	9632.32951	9657.025951	9659.77	3.9858858757109017	1	model.0	1x3x640x640	1x16x320x320	NCHWc8_SPATIAL_INNER_V1	44236800	3276800	1638400	4915200	full_executor:conv_dense	4	no	no	not-applicable
2	-1	lut1	full_executor	/model.0/act/Mul_output_0_QuantizeLinear	lut1	measured-direct	50	878.9716400000001	66.66753193448145	7.584719335709334	786.054	867.8045	963.7062999999999	970.21705	1033.65059	1047.854759	1049.433	0.3665874163486473	2	model.0	1x16x320x320	1x16x320x320	NCHWc8_SPATIAL_INNER_V1	0	1638400	1638400	3276800	full_executor:lut1	1	no	yes	Conv-to-LUT eligible; complete-model fusion arm rejected
3	-1	conv_dense	full_executor	/model.1/conv/Conv	dense_conv_outside_resident_region	stable-selected	50	8262.30998	50.00527703683092	0.6052215077608468	8181.414	8254.999	8324.6083	8350.69665	8383.81292	8404.007192000001	8406.251	3.445911939365693	3	model.1	1x16x320x320	1x32x160x160	NCHWc8_SPATIAL_INNER_V1	117964800	1638400	819200	2457600	full_executor:conv_dense	4	no	no	not-applicable
4	-1	lut1	full_executor	/model.1/act/Mul_output_0_QuantizeLinear	lut1	measured-direct	50	368.79138	35.37232915475378	9.59141972210787	318.88	350.026	420.5522	432.23795	467.7188299999999	489.91568300000006	492.382	0.15380960319249	4	model.1	1x32x160x160	1x32x160x160	NCHWc8_SPATIAL_INNER_V1	0	819200	819200	1638400	full_executor:lut1	1	no	yes	Conv-to-LUT eligible; complete-model fusion arm rejected
5	-1	conv_dense	full_executor	/model.2/cv1/conv/Conv	dense_conv_outside_resident_region	stable-selected	50	6062.94118	417.8641019708022	6.892102192071774	5930.839	5995.0485	6079.733	6100.148249999999	7560.348759999994	8803.693576000001	8941.843	2.5286344194791295	5	model.2	1x32x160x160	1x32x160x160	NCHWc8_SPATIAL_INNER_V1	26214400	819200	819200	1638400	full_executor:conv_dense	4	no	no	not-applicable
6	-1	split	full_executor	/model.2/Split	split_reshape_transpose	measured-reference	50	194.60874	10.293185617461203	5.289169241556778	179.044	192.274	202.27859999999998	210.99034999999998	230.27740999999995	241.430741	242.67	0.08116429694530947	6	model.2	1x32x160x160	1x16x160x160	NCHWc8_SPATIAL_INNER_V1	0	819200	409600	1228800	full_executor:split	1	yes-reference	yes	view/alias where lifetime and physical layout permit
7	-1	conv_dense	full_executor	/model.2/m.0/cv1/conv/Conv	dense_conv_outside_resident_region	stable-selected	50	3058.63598	31.203054791903494	1.0201624186708054	3013.629	3058.7545	3095.3303	3102.5508	3144.5820799999997	3148.863308	3149.339	1.2756469155924222	7	model.2	1x16x160x160	1x8x160x160	NCHWc8_SPATIAL_INNER_V1	29491200	409600	204800	614400	full_executor:conv_dense	4	no	no	not-applicable
8	-1	lut1	full_executor	/model.2/m.0/cv1/act/Mul_output_0_QuantizeLinear	lut1	measured-direct	50	84.19872	5.313605098658519	6.310790827531012	79.501	83.709	86.41770000000001	87.4494	103.30482999999994	116.68168300000002	118.168	0.03511625383574739	8	model.2	1x8x160x160	1x8x160x160	NCHWc8_SPATIAL_INNER_V1	0	204800	204800	409600	full_executor:lut1	1	no	yes	Conv-to-LUT eligible; complete-model fusion arm rejected
9	-1	conv_dense	full_executor	/model.2/m.0/cv2/conv/Conv	dense_conv_outside_resident_region	stable-selected	50	3633.0988799999996	191.5672685276067	5.272833876946578	3553.512	3598.117	3642.2964	3681.4847499999996	4346.153759999997	4885.706676000001	4945.657	1.5152347028606792	9	model.2	1x8x160x160	1x16x160x160	NCHWc8_SPATIAL_INNER_V1	29491200	204800	409600	614400	full_executor:conv_dense	4	no	no	not-applicable
10	-1	lut2	full_executor	/model.2/m.0/Add_output_0@/model.2/Concat_output_0_QuantizeLinear_Output	lut2_add	stable-selected	50	1669.49606	109.29413976772841	6.546534752991776	1627.191	1642.2335	1679.7004	1697.6589999999999	2087.833769999999	2373.1285770000004	2404.828	0.6962866825141778	10	model.2	1x16x160x160,1x16x160x160	1x16x160x160	NCHWc8_SPATIAL_INNER_V1	0	819200	409600	1228800	full_executor:lut2	4	no	yes	not-applicable
11	-1	concat	full_executor	/model.2/Concat	concat_resize	measured-direct	50	610.34416	47.54433282666885	7.78975796650022	537.925	604.03	658.3772	663.83295	767.5099399999997	827.1745940000001	833.804	0.25455256861061565	11	model.2	1x32x160x160,1x16x160x160,1x16x160x160	1x48x160x160	NCHWc8_SPATIAL_INNER_V1	0	1638400	1228800	2867200	full_executor:concat	1	no	yes	producer-direct where quantization domains permit
12	-1	conv_dense	full_executor	/model.2/cv2/conv/Conv	dense_conv_outside_resident_region	stable-selected	50	12997.96708	87.87038376526371	0.6760317457679214	12876.819	12977.008	13127.8348	13137.224750000001	13221.81284	13234.197884000001	13235.574	5.420983968995826	12	model.2	1x48x160x160	1x64x160x160	NCHWc8_SPATIAL_INNER_V1	78643200	1228800	1638400	2867200	full_executor:conv_dense	4	no	no	not-applicable
13	-1	lut1	full_executor	/model.2/cv2/act/Mul_output_0_QuantizeLinear	lut1	measured-direct	50	898.4085	71.78465298696639	7.990201894457409	779.095	875.3675	975.3352000000001	1052.5120499999998	1147.7984199999999	1159.282942	1160.559	0.3746938306686023	13	model.2	1x64x160x160	1x64x160x160	NCHWc8_SPATIAL_INNER_V1	0	1638400	1638400	3276800	full_executor:lut1	1	no	yes	Conv-to-LUT eligible; complete-model fusion arm rejected
14	-1	conv_dense	full_executor	/model.3/conv/Conv	dense_conv_outside_resident_region	stable-selected	50	7069.8804	34.67802384443355	0.49050368439660663	7015.647	7072.3145	7084.218800000001	7094.1714	7184.80653	7261.541853000001	7270.068	2.9485925049071446	14	model.3	1x64x160x160	1x64x80x80	NCHWc8_SPATIAL_INNER_V1	235929600	1638400	409600	2048000	full_executor:conv_dense	4	no	no	not-applicable
15	-1	lut1	full_executor	/model.3/act/Mul_output_0_QuantizeLinear	lut1	measured-direct	50	178.16096000000002	19.9743371946534	11.211399621248898	167.169	174.961	177.72379999999998	190.24514999999994	258.2160999999998	305.2752100000001	310.504	0.07430452024663127	15	model.3	1x64x80x80	1x64x80x80	NCHWc8_SPATIAL_INNER_V1	0	409600	409600	819200	full_executor:lut1	1	no	yes	Conv-to-LUT eligible; complete-model fusion arm rejected
16	-1	conv_dense	full_executor	/model.4/cv1/conv/Conv	dense_conv_outside_resident_region	stable-selected	50	3382.15842	33.781599215470735	0.9988177672490791	3290.966	3377.6549999999997	3427.3554999999997	3439.2873	3446.90691	3446.9249910000003	3446.927	1.4105764741961675	16	model.4	1x64x80x80	1x64x80x80	NCHWc8_SPATIAL_INNER_V1	26214400	409600	409600	819200	full_executor:conv_dense	4	no	no	not-applicable
17	-1	split	full_executor	/model.4/Split	split_reshape_transpose	measured-reference	50	97.34402	10.041055557752756	10.315020437570542	88.001	95.21	98.1811	109.25344999999997	142.31500999999997	150.584201	151.503	0.04059868505972621	17	model.4	1x64x80x80	1x32x80x80	NCHWc8_SPATIAL_INNER_V1	0	409600	204800	614400	full_executor:split	1	yes-reference	yes	view/alias where lifetime and physical layout permit
18	-1	conv_dense	full_executor	/model.4/m.0/cv1/conv/Conv	dense_conv_outside_resident_region	stable-selected	50	1703.92726	27.08303118176111	1.589447614199277	1660.858	1695.942	1749.1549	1751.17425	1756.54425	1758.253125	1758.443	0.7106466960520247	18	model.4	1x32x80x80	1x16x80x80	NCHWc8_SPATIAL_INNER_V1	29491200	204800	102400	307200	full_executor:conv_dense	4	no	no	not-applicable
19	-1	lut1	full_executor	/model.4/m.0/cv1/act/Mul_output_0_QuantizeLinear	lut1	measured-direct	50	46.79316	6.372831880566062	13.619152629499828	43.251	45.667500000000004	47.650400000000005	50.93415	74.97316999999995	84.748817	85.835	0.019515741858507366	19	model.4	1x16x80x80	1x16x80x80	NCHWc8_SPATIAL_INNER_V1	0	102400	102400	204800	full_executor:lut1	1	no	yes	Conv-to-LUT eligible; complete-model fusion arm rejected
20	-1	conv_dense	full_executor	/model.4/m.0/cv2/conv/Conv	dense_conv_outside_resident_region	stable-selected	50	1953.95604	29.451855698410576	1.5072936696370391	1896.237	1957.196	1985.288	1993.7450999999999	2009.58434	2022.961634	2024.448	0.8149246958211689	20	model.4	1x16x80x80	1x32x80x80	NCHWc8_SPATIAL_INNER_V1	29491200	102400	204800	307200	full_executor:conv_dense	4	no	no	not-applicable
21	-1	lut2	full_executor	/model.4/m.0/Add_output_0@/model.4/Concat_output_0_QuantizeLinear_Output	lut2_add	stable-selected	50	915.2595200000001	24.059421291189427	2.6286993760184463	876.013	913.5345	949.3063	962.6685	973.3786699999999	978.413567	978.973	0.3817217842492655	21	model.4	1x32x80x80,1x32x80x80	1x32x80x80	NCHWc8_SPATIAL_INNER_V1	0	409600	204800	614400	full_executor:lut2	4	no	yes	not-applicable
22	-1	concat	full_executor	/model.4/Concat	concat_resize	measured-direct	50	343.69264000000004	26.590020328149965	7.736569607120468	321.13	337.526	359.88810000000007	377.34959999999995	442.9205999999998	489.64896000000005	494.841	0.1433418226276854	22	model.4	1x64x80x80,1x32x80x80,1x32x80x80	1x96x80x80	NCHWc8_SPATIAL_INNER_V1	0	819200	614400	1433600	full_executor:concat	1	no	yes	producer-direct where quantization domains permit
23	-1	conv_dense	full_executor	/model.4/cv2/conv/Conv	dense_conv_outside_resident_region	stable-selected	50	6816.45242	47.65958515114439	0.6991845936063087	6719.892	6818.29	6871.3536	6883.0662	6943.76042	6988.319942	6993.271	2.84289682123451	23	model.4	1x96x80x80	1x128x80x80	NCHWc8_SPATIAL_INNER_V1	78643200	614400	819200	1433600	full_executor:conv_dense	4	no	no	not-applicable
-1	0	lut	resident_core	/model.4/cv2/final_silu	resident_model4_final_to_model9	stable-selected	50	400.19508	73.61323729503204	18.394338404917928	350.88	371.2345	489.39930000000004	527.7017500000001	656.9705399999996	761.8200540000001	773.47	0.16690695551069223	composite-range	model.4	not-applicable	not-applicable	range-defined	0	0	0	0	resident_core:lut	4	no	no	not-applicable
25	1	conv	resident_core	/model.5/conv/Conv	resident_model4_final_to_model9	stable-selected	50	3471.5289000000002	53.3789870027408	1.53762185309017	3368.717	3466.1775	3511.2857	3532.56115	3652.2991099999995	3735.630911	3744.89	1.4478496828756178	25	model.5	1x128x80x80	1x128x40x40	NCHWc8_SPATIAL_INNER_V1	235929600	819200	204800	1024000	resident_core:conv	4	no	no	not-applicable
27	2	conv	resident_core	/model.6/cv1/conv/Conv	resident_model4_final_to_model9	stable-selected	50	1233.18518	40.42201072041349	3.2778540786886112	1191.643	1225.6855	1279.5607	1288.06305	1369.6798599999997	1433.662786	1440.772	0.5143171274736935	27	model.6	1x128x40x40	1x128x40x40	NCHWc8_SPATIAL_INNER_V1	26214400	204800	204800	409600	resident_core:conv	4	no	no	not-applicable
29	3	conv	resident_core	/model.6/m.0/cv1/conv/Conv	resident_model4_final_to_model9	stable-selected	50	251.80295999999998	8.680512622312259	3.4473433601861787	246.587	249.8575	253.9409	259.4684	291.77065999999996	292.505366	292.587	0.10501794635301517	29	model.6	1x64x40x40	1x32x40x40	NCHWc8_SPATIAL_INNER_V1	3276800	102400	51200	153600	resident_core:conv	4	no	no	not-applicable
30	4	conv	resident_core	/model.6/m.0/cv2/conv/Conv	resident_model4_final_to_model9	stable-selected	50	270.54238000000004	11.859997931462118	4.383785612983118	260.337	266.9415	275.3754	304.78335	310.72492	312.176692	312.338	0.11283348356610681	30	model.6	1x64x40x40	1x32x40x40	NCHWc8_SPATIAL_INNER_V1	3276800	102400	51200	153600	resident_core:conv	4	no	no	not-applicable
32	5	conv	resident_core	/model.6/m.0/m/m.0/cv1/conv/Conv	resident_model4_final_to_model9	stable-selected	50	549.40826	17.987562799379816	3.273988417898889	537.675	541.3	582.3423	588.1151	597.36342	602.894442	603.509	0.22913839922526497	32	model.6	1x32x40x40	1x32x40x40	NCHWc8_SPATIAL_INNER_V1	14745600	51200	51200	102400	resident_core:conv	4	no	no	not-applicable
34	6	conv	resident_core	/model.6/m.0/m/m.0/cv2/conv/Conv	resident_model4_final_to_model9	stable-selected	50	555.12926	14.340610656183536	2.583292160853408	544.758	550.8415	588.7506	591.75305	596.2914099999999	598.624741	598.884	0.2315244222930065	34	model.6	1x32x40x40	1x32x40x40	NCHWc8_SPATIAL_INNER_V1	14745600	51200	51200	102400	resident_core:conv	4	no	no	not-applicable
-1	7	add_silu	resident_core	/model.6/m.0/m/m.0/Add	resident_model4_final_to_model9	stable-selected	50	194.7087	17.02136398315184	8.741963755678016	186.003	190.6485	194.00240000000002	219.63234999999995	263.39141999999987	294.279942	297.712	0.08120598666141704	composite-range	model.6	not-applicable	not-applicable	range-defined	0	0	0	0	resident_core:add_silu	4	no	no	not-applicable
36	8	conv	resident_core	/model.6/m.0/m/m.1/cv1/conv/Conv	resident_model4_final_to_model9	stable-selected	50	551.2067	24.12259342443114	4.376324421388772	538.674	541.5285	581.5048	583.7693	631.9303499999999	672.539835	677.052	0.2298884637814525	36	model.6	1x32x40x40	1x32x40x40	NCHWc8_SPATIAL_INNER_V1	14745600	51200	51200	102400	resident_core:conv	4	no	no	not-applicable
38	9	conv	resident_core	/model.6/m.0/m/m.1/cv2/conv/Conv	resident_model4_final_to_model9	stable-selected	50	548.2631	15.985176568576628	2.9156032146932063	539.216	541.2375	575.2167	580.8734	596.3328399999999	606.953884	608.134	0.2286607942302894	38	model.6	1x32x40x40	1x32x40x40	NCHWc8_SPATIAL_INNER_V1	14745600	51200	51200	102400	resident_core:conv	4	no	no	not-applicable
-1	10	add_silu	resident_core	/model.6/m.0/m/m.1/Add	resident_model4_final_to_model9	stable-selected	50	214.75315999999998	7.649771100643789	3.562122718307749	210.128	213.3365	215.3158	215.96025	251.22833999999997	253.801134	254.087	0.08956580905967303	composite-range	model.6	not-applicable	not-applicable	range-defined	0	0	0	0	resident_core:add_silu	4	no	no	not-applicable
40	11	concat	resident_core	/model.6/m.0/Concat	resident_model4_final_to_model9	stable-selected	50	6.500119999999999	0.30087482243536134	4.628757968089226	5.959	6.4375	6.8381	6.93955	7.358249999999999	7.523625	7.542	0.0027109659610362047	40	model.6	1x32x40x40,1x32x40x40	1x64x40x40	NCHWc8_SPATIAL_INNER_V1	0	102400	102400	204800	resident_core:concat	4	no	no	producer-direct where quantization domains permit
41	12	conv	resident_core	/model.6/m.0/cv3/conv/Conv	resident_model4_final_to_model9	stable-selected	50	504.96422	8.101041286785556	1.604280257081493	493.091	504.549	509.6333	520.3679	534.1655000000001	535.59875	535.758	0.21060239071912482	41	model.6	1x64x40x40	1x64x40x40	NCHWc8_SPATIAL_INNER_V1	6553600	102400	102400	204800	resident_core:conv	4	no	no	not-applicable
42	13	concat	resident_core	/model.6/Concat	resident_model4_final_to_model9	stable-selected	50	54.15166	4.732427735295693	8.739210829909357	50.792	53.459	55.0385	55.4821	71.13616999999994	84.43981700000002	85.918	0.022584707204421735	42	model.6	1x128x40x40,1x64x40x40,1x64x40x40	1x192x40x40	NCHWc8_SPATIAL_INNER_V1	0	409600	307200	716800	resident_core:concat	4	no	no	producer-direct where quantization domains permit
43	14	conv	resident_core	/model.6/cv2/conv/Conv	resident_model4_final_to_model9	stable-selected	50	1396.14594	32.05313660184813	2.295829947537442	1326.395	1396.2295	1435.4338	1442.5736	1474.31851	1491.076951	1492.939	0.5822821917101371	43	model.6	1x192x40x40	1x128x40x40	NCHWc8_SPATIAL_INNER_V1	39321600	307200	204800	512000	resident_core:conv	4	no	no	not-applicable
45	15	conv	resident_core	/model.7/conv/Conv	resident_model4_final_to_model9	stable-selected	50	1770.07418	117.11303116685772	6.616278147555247	1665.858	1762.339	1803.8357	1829.84675	2203.623009999999	2489.6340010000004	2521.413	0.7382341942131948	45	model.7	1x128x40x40	1x256x20x20	NCHWc8_SPATIAL_INNER_V1	117964800	204800	102400	307200	resident_core:conv	4	no	no	not-applicable
47	16	conv	resident_core	/model.8/cv1/conv/Conv	resident_model4_final_to_model9	stable-selected	50	744.0011599999999	50.08080257244694	6.731280173332922	714.511	734.1775	752.9405	768.36185	940.0655499999995	1061.7837550000002	1075.308	0.3102960898770255	47	model.8	1x256x20x20	1x256x20x20	NCHWc8_SPATIAL_INNER_V1	26214400	102400	102400	204800	resident_core:conv	4	no	no	not-applicable
49	17	conv	resident_core	/model.8/m.0/cv1/conv/Conv	resident_model4_final_to_model9	stable-selected	50	153.06150000000002	11.497991239378132	7.51200742144702	146.461	150.89800000000002	154.0943	154.9899	206.41542999999993	219.995143	221.504	0.06383643939575626	49	model.8	1x128x20x20	1x64x20x20	NCHWc8_SPATIAL_INNER_V1	3276800	51200	25600	76800	resident_core:conv	4	no	no	not-applicable
50	18	conv	resident_core	/model.8/m.0/cv2/conv/Conv	resident_model4_final_to_model9	stable-selected	50	156.7982	10.756654193036576	6.860189844677156	151.877	154.58550000000002	157.2696	159.61929999999998	206.04267999999993	220.669768	222.295	0.06539488239474764	50	model.8	1x128x20x20	1x64x20x20	NCHWc8_SPATIAL_INNER_V1	3276800	51200	25600	76800	resident_core:conv	4	no	no	not-applicable
52	19	conv	resident_core	/model.8/m.0/m/m.0/cv1/conv/Conv	resident_model4_final_to_model9	stable-selected	50	454.08601999999996	24.862519266254946	5.475288419197523	441.506	447.736	478.3112	483.75915	550.7462699999998	600.745527	606.301	0.18938292579250926	52	model.8	1x64x20x20	1x64x20x20	NCHWc8_SPATIAL_INNER_V1	14745600	25600	25600	51200	resident_core:conv	4	no	no	not-applicable
54	20	conv	resident_core	/model.8/m.0/m/m.0/cv2/conv/Conv	resident_model4_final_to_model9	stable-selected	50	445.38665999999995	21.35278600721217	4.794213191569809	430.632	438.34	472.4115	475.8881	523.5834299999998	562.7411430000001	567.092	0.18575473602942796	54	model.8	1x64x20x20	1x64x20x20	NCHWc8_SPATIAL_INNER_V1	14745600	25600	25600	51200	resident_core:conv	4	no	no	not-applicable
-1	21	add_silu	resident_core	/model.8/m.0/m/m.0/Add	resident_model4_final_to_model9	stable-selected	50	88.00544	7.715788891008635	8.767399936877352	85.876	86.3555	87.168	87.6302	125.28084	128.404884	128.752	0.03670389965508545	composite-range	model.8	not-applicable	not-applicable	range-defined	0	0	0	0	resident_core:add_silu	4	no	no	not-applicable
56	22	conv	resident_core	/model.8/m.0/m/m.1/cv1/conv/Conv	resident_model4_final_to_model9	stable-selected	50	446.87161999999995	24.36128184597814	5.451516891132658	429.464	438.798	471.81530000000004	476.66134999999997	537.9399199999998	579.963692	584.633	0.18637405936707407	56	model.8	1x64x20x20	1x64x20x20	NCHWc8_SPATIAL_INNER_V1	14745600	25600	25600	51200	resident_core:conv	4	no	no	not-applicable
58	23	conv	resident_core	/model.8/m.0/m/m.1/cv2/conv/Conv	resident_model4_final_to_model9	stable-selected	50	443.67322	27.614769613888924	6.224123604730735	431.59	435.50649999999996	457.7817	475.70959999999997	561.8913399999998	600.846634	605.175	0.1850401219121074	58	model.8	1x64x20x20	1x64x20x20	NCHWc8_SPATIAL_INNER_V1	14745600	25600	25600	51200	resident_core:conv	4	no	no	not-applicable
-1	24	add_silu	resident_core	/model.8/m.0/m/m.1/Add	resident_model4_final_to_model9	stable-selected	50	102.18825999999999	11.098832692454739	10.86116222397244	95.834	99.1055	100.7886	132.25664999999995	145.14742999999999	148.80464300000003	149.211	0.04261904310651458	composite-range	model.8	not-applicable	not-applicable	range-defined	0	0	0	0	resident_core:add_silu	4	no	no	not-applicable
60	25	concat	resident_core	/model.8/m.0/Concat	resident_model4_final_to_model9	stable-selected	50	5.43342	0.4578851157044455	8.427198996294148	4.667	5.396	6.0	6.1061	6.545669999999999	6.729567	6.75	0.0022660838064548555	60	model.8	1x64x20x20,1x64x20x20	1x128x20x20	NCHWc8_SPATIAL_INNER_V1	0	51200	51200	102400	resident_core:concat	4	no	no	producer-direct where quantization domains permit
61	26	conv	resident_core	/model.8/m.0/cv3/conv/Conv	resident_model4_final_to_model9	stable-selected	50	306.1946	17.95380326145467	5.863527071168032	292.962	301.942	309.37550000000005	340.31315	376.19367999999986	404.712268	407.881	0.12770274057295808	61	model.8	1x128x20x20	1x128x20x20	NCHWc8_SPATIAL_INNER_V1	6553600	51200	51200	102400	resident_core:conv	4	no	no	not-applicable
62	27	concat	resident_core	/model.8/Concat	resident_model4_final_to_model9	stable-selected	50	32.26132	9.62524587216305	29.83525123015131	27.458	29.7295	32.44200000000001	54.57774999999998	71.94633999999999	73.196134	73.335	0.013455034734450522	62	model.8	1x256x20x20,1x128x20x20,1x128x20x20	1x384x20x20	NCHWc8_SPATIAL_INNER_V1	0	204800	153600	358400	resident_core:concat	4	no	no	producer-direct where quantization domains permit
63	28	conv	resident_core	/model.8/cv2/conv/Conv	resident_model4_final_to_model9	stable-selected	50	860.74868	48.41004878161527	5.62417926468563	827.762	848.7204999999999	882.5761	899.05675	1040.3689499999996	1152.4027950000002	1164.851	0.35898727600211144	63	model.8	1x384x20x20	1x256x20x20	NCHWc8_SPATIAL_INNER_V1	39321600	153600	102400	256000	resident_core:conv	4	no	no	not-applicable
65	29	conv	resident_core	/model.9/cv1/conv/Conv	resident_model4_final_to_model9	stable-selected	50	403.22102	11.527026900413528	2.8587366056495584	392.839	400.1095	406.3605	437.58549999999997	443.23758999999995	443.32975899999997	443.34	0.16816896611051776	65	model.9	1x256x20x20	1x128x20x20	NCHWc8_SPATIAL_INNER_V1	13107200	102400	51200	153600	resident_core:conv	4	no	no	not-applicable
-1	30	maxpool	resident_core	/model.9/m/MaxPool	resident_model4_final_to_model9	stable-selected	50	475.85801999999995	13.255293189145393	2.785556328155485	463.715	473.466	480.7817	497.3032	529.2680899999999	545.3465090000001	547.133	0.19846324291029788	composite-range	model.9	not-applicable	not-applicable	range-defined	0	0	0	0	resident_core:maxpool	4	no	no	not-applicable
-1	31	maxpool	resident_core	/model.9/m_1/MaxPool	resident_model4_final_to_model9	stable-selected	50	473.99873999999994	22.235796463351427	4.691108770321083	460.048	467.90250000000003	498.0032	505.97835	561.6715099999998	598.274951	602.342	0.19768780418116128	composite-range	model.9	not-applicable	not-applicable	range-defined	0	0	0	0	resident_core:maxpool	4	no	no	not-applicable
-1	32	maxpool	resident_core	/model.9/m_2/MaxPool	resident_model4_final_to_model9	stable-selected	50	471.2229	11.824969036072853	2.509421557414305	457.965	467.236	497.8487	499.3282	502.57975	504.839875	505.091	0.19653010128440207	composite-range	model.9	not-applicable	not-applicable	range-defined	0	0	0	0	resident_core:maxpool	4	no	no	not-applicable
66	33	concat	resident_core	/model.9/Concat	resident_model4_final_to_model9	stable-selected	50	106.75748	8.382996133427547	7.852373560548213	99.252	105.46	108.6597	114.60634999999999	144.49357	145.025857	145.085	0.04452470021568885	66	model.9	1x128x20x20	1x512x20x20	NCHWc8_SPATIAL_INNER_V1	0	51200	204800	256000	resident_core:concat	4	no	no	producer-direct where quantization domains permit
67	34	conv	resident_core	/model.9/cv2/conv/Conv	resident_model4_final_to_model9	stable-selected	50	974.81546	30.95678328897253	3.1756557583701563	921.014	973.8689999999999	1010.5980999999999	1021.8779	1051.5555100000001	1064.344951	1065.766	0.40656042201557047	67	model.9	1x512x20x20	1x256x20x20	NCHWc8_SPATIAL_INNER_V1	52428800	204800	102400	307200	resident_core:conv	4	no	no	not-applicable
-1	35	add_silu	resident_core	/model.9/Add	resident_model4_final_to_model9	stable-selected	50	341.3618	13.245217961858645	3.8801113545389803	330.38	337.10900000000004	370.6384	376.37444999999997	379.73316	380.578116	380.672	0.1423697132049945	composite-range	model.9	not-applicable	not-applicable	range-defined	0	0	0	0	resident_core:add_silu	4	no	no	not-applicable
-1	-1	bridge	resident_bridge	resident_core_bridge_overhead	resident_bridge	measured-direct	50	120.92984	6.973481668874052	5.766551637605781	114.335	119.4205	124.8597	134.17259999999996	147.71811999999997	152.662612	153.212	0.050435481177817404	composite-range	executor	not-applicable	not-applicable	range-defined	0	0	0	0	resident_bridge:bridge	1	no	no	not-applicable
69	-1	conv_dense	full_executor	/model.10/cv1/conv/Conv	dense_conv_outside_resident_region	stable-selected	50	1027.1246	20.96215062186792	2.0408576157038705	994.307	1024.1195	1058.6987	1066.9248499999999	1076.08725	1076.473125	1076.516	0.42837668048327227	69	model.10	1x256x20x20	1x256x20x20	NCHWc8_SPATIAL_INNER_V1	26214400	102400	102400	204800	full_executor:conv_dense	4	no	no	not-applicable
70	-1	split	full_executor	/model.10/Split	split_reshape_transpose	measured-reference	50	28.88872	1.02613129286855	3.5520137024712413	26.793	28.813000000000002	30.109	30.7257	31.27308	31.364808	31.375	0.012048444733005826	70	model.10	1x256x20x20	1x128x20x20	NCHWc8_SPATIAL_INNER_V1	0	102400	51200	153600	full_executor:split	1	yes-reference	yes	view/alias where lifetime and physical layout permit
71	-1	conv_dense	full_executor	/model.10/m/m.0/attn/qkv/conv/Conv	dense_conv_outside_resident_region	stable-selected	50	896.6135	15.524400300948232	1.7314484224192732	880.764	891.159	928.3425	930.75775	937.13909	941.751509	942.264	0.3739452008125289	71	model.10	1x128x20x20	1x256x20x20	NCHWc8_SPATIAL_INNER_V1	13107200	51200	102400	153600	full_executor:conv_dense	4	no	no	not-applicable
72	-1	split	full_executor	/model.10/m/m.0/attn/Split	split_reshape_transpose	measured-reference	50	350.73514	10.467570111598222	2.9844657457471246	346.088	347.2135	354.947	382.23055	388.02484	390.707884	391.006	0.1462789957538119	72	model.10	1x256x20x20	1x2x32x400	ROW_MAJOR_U8_V1	0	102400	25600	128000	full_executor:split	1	yes-reference	yes	view/alias where lifetime and physical layout permit
73	-1	split	full_executor	/model.10/m/m.0/attn/Split	split_reshape_transpose	measured-reference	50	701.75962	17.46457976952559	2.48868405530737	691.719	692.6355	729.9699	737.2985	746.11925	751.797125	752.428	0.29267866480152704	73	model.10	1x256x20x20	1x2x64x400	ROW_MAJOR_U8_V1	0	102400	51200	153600	full_executor:split	1	yes-reference	yes	view/alias where lifetime and physical layout permit
74	-1	reshape_split_transpose	full_executor	/model.10/m/m.0/attn/Transpose	split_reshape_transpose	measured-direct	50	357.70372000000003	13.086122892934313	3.6583692484199806	351.006	353.401	359.50090000000006	388.16605	406.98017999999996	416.866518	417.965	0.14918533951004376	74	model.10	1x256x20x20	1x2x400x32	ROW_MAJOR_U8_V1	0	102400	25600	128000	full_executor:reshape_split_transpose	1	no	yes	view/alias where lifetime and physical layout permit
75	-1	reshape	full_executor	/model.10/m/m.0/attn/Reshape_2	split_reshape_transpose	measured-reference	50	26.730439999999998	7.669163523448158	28.690749286013094	21.292	25.0835	29.1417	30.016849999999998	62.13823999999998	67.264424	67.834	0.011148303871854767	75	model.10	1x2x64x400	1x128x20x20	ROW_MAJOR_U8_V1	0	51200	51200	102400	full_executor:reshape	1	yes-reference	yes	view/alias where lifetime and physical layout permit
76	-1	matmul	full_executor	/model.10/m/m.0/attn/MatMul	attention_matmul	stable-selected	50	3063.6977399999996	24.982106890455064	0.8154233547352183	3016.796	3064.6085000000003	3082.5338	3091.4252	3152.254	3159.5305	3160.339	1.2777579933975907	76	model.10	1x2x400x32,1x2x32x400	1x2x400x400	ROW_MAJOR_U8_V1	10240000	51200	320000	371200	full_executor:matmul	4	no	no	not-applicable
77	-1	conv_grouped	full_executor	/model.10/m/m.0/attn/pe/conv/Conv	grouped_depthwise	stable-selected	50	5681.74194	26.42668012723784	0.4651158114238086	5644.543	5679.5435	5703.3901000000005	5721.0049	5779.23334	5787.539134000001	5788.462	2.3696499447289914	77	model.10	1x128x20x20	1x128x20x20	NCHWc8_SPATIAL_INNER_V1	460800	51200	51200	102400	full_executor:conv_grouped	4	no	no	not-applicable
78	-1	softmax_transpose	full_executor	/model.10/m/m.0/attn/Transpose_1	attention_softmax_transpose	stable-selected	50	4637.4239	99.05374812310079	2.1359649292164296	4554.694	4618.09	4654.212	4666.9743499999995	5085.74763	5209.983063000001	5223.787	1.9341024996147402	78	model.10	1x2x400x400	1x2x400x400	ROW_MAJOR_U8_V1	0	320000	320000	640000	full_executor:softmax_transpose	1	no	yes	not-applicable
79	-1	matmul	full_executor	/model.10/m/m.0/attn/MatMul_1	attention_matmul	stable-selected	50	3650.4565000000002	213.9019213455464	5.859593761644507	3206.339	3670.138	3890.7625	3897.5421499999998	3997.3798699999998	4075.805987	4084.52	1.5224739410569899	79	model.10	1x2x64x400,1x2x400x400	1x2x64x400	ROW_MAJOR_U8_V1	20480000	371200	51200	422400	full_executor:matmul	4	no	no	not-applicable
80	-1	lut2	full_executor	/model.10/m/m.0/attn/Add_output_0_QuantizeLinear	lut2_add	stable-selected	50	1838.1894200000002	91.01825243998128	4.951516500404037	1807.402	1821.9650000000001	1849.5479	1854.2739	2166.7920099999988	2432.737501	2462.287	0.7666426077606082	80	model.10	1x2x64x400,1x128x20x20	1x128x20x20	NCHWc8_SPATIAL_INNER_V1	0	102400	51200	153600	full_executor:lut2	4	no	yes	not-applicable
81	-1	conv_dense	full_executor	/model.10/m/m.0/attn/proj/conv/Conv	dense_conv_outside_resident_region	stable-selected	50	448.82419999999996	15.4988047518089	3.4532016659994937	436.84	443.00649999999996	466.51509999999996	468.17545	501.2881799999999	528.3735180000001	531.383	0.18718841016616705	81	model.10	1x128x20x20	1x128x20x20	NCHWc8_SPATIAL_INNER_V1	6553600	51200	51200	102400	full_executor:conv_dense	4	no	no	not-applicable
82	-1	lut2	full_executor	/model.10/m/m.0/Add_output_0_QuantizeLinear	lut2_add	stable-selected	50	235.35692	16.423544800992392	6.978144004005657	228.753	231.44099999999997	234.67	257.3165	304.07734999999985	333.00033500000006	336.214	0.0981588953456738	82	model.10	1x128x20x20,1x128x20x20	1x128x20x20	NCHWc8_SPATIAL_INNER_V1	0	102400	51200	153600	full_executor:lut2	4	no	yes	not-applicable
83	-1	conv_dense	full_executor	/model.10/m/m.0/ffn/ffn.0/conv/Conv	dense_conv_outside_resident_region	stable-selected	50	924.8322000000001	36.37573298903811	3.933225182799443	904.264	913.472	938.1435	942.2430999999999	1054.9194499999996	1148.982545	1159.434	0.3857142043331858	83	model.10	1x128x20x20	1x256x20x20	NCHWc8_SPATIAL_INNER_V1	13107200	51200	102400	153600	full_executor:conv_dense	4	no	no	not-applicable
84	-1	lut1	full_executor	/model.10/m/m.0/ffn/ffn.0/act/Mul_output_0_QuantizeLinear	lut1	measured-direct	50	45.94152	3.131195965292051	6.815612468399069	41.542	45.209	50.4254	50.850699999999996	51.94725	52.333124999999995	52.376	0.01916055348489936	84	model.10	1x256x20x20	1x256x20x20	NCHWc8_SPATIAL_INNER_V1	0	102400	102400	204800	full_executor:lut1	1	no	yes	Conv-to-LUT eligible; complete-model fusion arm rejected
85	-1	conv_dense	full_executor	/model.10/m/m.0/ffn/ffn.1/conv/Conv	dense_conv_outside_resident_region	stable-selected	50	547.2116199999999	10.52932452412241	1.9241778023870202	536.758	544.029	565.25	574.5798	578.09784	578.355384	578.384	0.22822225978958519	85	model.10	1x256x20x20	1x128x20x20	NCHWc8_SPATIAL_INNER_V1	13107200	102400	51200	153600	full_executor:conv_dense	4	no	no	not-applicable
86	-1	lut2	full_executor	/model.10/m/m.0/Add_1_output_0@/model.10/Concat_output_0_QuantizeLinear_Output	lut2_add	stable-selected	50	245.77613999999997	5.132954899510434	2.0884675377806956	240.712	245.045	248.3117	249.1495	264.99916999999994	277.641317	279.046	0.10250437677687008	86	model.10	1x128x20x20,1x128x20x20	1x128x20x20	NCHWc8_SPATIAL_INNER_V1	0	102400	51200	153600	full_executor:lut2	4	no	yes	not-applicable
87	-1	concat	full_executor	/model.10/Concat	concat_resize	measured-direct	50	49.87	1.4650574830263245	2.9377531241755057	47.251	49.7505	51.7551	52.83835	53.48292	53.611692	53.626	0.020798981015254413	87	model.10	1x256x20x20,1x128x20x20	1x256x20x20	NCHWc8_SPATIAL_INNER_V1	0	153600	102400	256000	full_executor:concat	1	no	yes	producer-direct where quantization domains permit
88	-1	conv_dense	full_executor	/model.10/cv2/conv/Conv	dense_conv_outside_resident_region	stable-selected	50	1014.8293600000001	13.148507084898746	1.2956372374660845	992.681	1012.1610000000001	1031.224	1042.4596	1053.59883	1057.2736830000001	1057.682	0.4232487786718025	88	model.10	1x256x20x20	1x256x20x20	NCHWc8_SPATIAL_INNER_V1	26214400	102400	102400	204800	full_executor:conv_dense	4	no	no	not-applicable
89	-1	concat	full_executor	/model.12/Concat	concat_resize	measured-direct	50	497.26752	31.20008940413669	6.274306716058328	458.257	491.4865	533.8246	542.4775999999999	587.4144999999999	623.6867500000001	627.717	0.20739237433291852	89	model.12	1x256x20x20,1x128x40x40	1x384x40x40	NCHWc8_SPATIAL_INNER_V1	0	307200	614400	921600	full_executor:concat	1	no	yes	producer-direct where quantization domains permit
90	-1	conv_dense	full_executor	/model.13/cv1/conv/Conv	dense_conv_outside_resident_region	stable-selected	50	2627.8686599999996	21.300899639533263	0.8105770263089658	2581.997	2631.498	2652.4105	2661.60685	2668.34084	2670.582884	2670.832	1.0959893797858844	90	model.13	1x384x40x40	1x128x40x40	NCHWc8_SPATIAL_INNER_V1	78643200	614400	204800	819200	full_executor:conv_dense	4	no	no	not-applicable
91	-1	split	full_executor	/model.13/Split	split_reshape_transpose	measured-reference	50	52.06908000000001	1.716325463165481	3.2962469534039793	48.96	51.939	53.596500000000006	54.3571	57.742249999999984	60.112625	60.376	0.02171613808706163	91	model.13	1x128x40x40	1x64x40x40	NCHWc8_SPATIAL_INNER_V1	0	204800	102400	307200	full_executor:split	1	yes-reference	yes	view/alias where lifetime and physical layout permit
92	-1	conv_dense	full_executor	/model.13/m.0/cv1/conv/Conv	dense_conv_outside_resident_region	stable-selected	50	442.52414	14.964409085082988	3.3816028850048694	421.173	438.5695	463.2111	469.25904999999995	473.25859	474.232759	474.341	0.18456088202630413	92	model.13	1x64x40x40	1x32x40x40	NCHWc8_SPATIAL_INNER_V1	3276800	102400	51200	153600	full_executor:conv_dense	4	no	no	not-applicable
93	-1	conv_dense	full_executor	/model.13/m.0/cv2/conv/Conv	dense_conv_outside_resident_region	stable-selected	50	417.83538	12.979647152353254	3.1064021319480544	403.548	413.1935	434.7105	447.61674999999997	459.21007999999995	467.23980800000004	468.132	0.17426408935475465	93	model.13	1x64x40x40	1x32x40x40	NCHWc8_SPATIAL_INNER_V1	3276800	102400	51200	153600	full_executor:conv_dense	4	no	no	not-applicable
94	-1	lut1	full_executor	/model.13/m.0/cv1/act/Mul_output_0_QuantizeLinear	lut1	measured-direct	50	26.8096	10.682302404119685	39.845064469890204	23.375	25.0625	26.796200000000002	27.320649999999997	69.64717999999988	96.29151800000002	99.252	0.011181318657039599	94	model.13	1x32x40x40	1x32x40x40	NCHWc8_SPATIAL_INNER_V1	0	51200	51200	102400	full_executor:lut1	1	no	yes	Conv-to-LUT eligible; complete-model fusion arm rejected
95	-1	conv_dense	full_executor	/model.13/m.0/m/m.0/cv1/conv/Conv	dense_conv_outside_resident_region	stable-selected	50	608.4383	22.901801854296732	3.7640302811799864	591.717	597.9884999999999	639.5683	643.99545	683.4199999999998	707.0135	709.635	0.25375770304098	95	model.13	1x32x40x40	1x32x40x40	NCHWc8_SPATIAL_INNER_V1	14745600	51200	51200	102400	full_executor:conv_dense	4	no	no	not-applicable
96	-1	lut1	full_executor	/model.13/m.0/m/m.0/cv1/act/Mul_output_0_QuantizeLinear	lut1	measured-direct	50	25.67208	1.0315430059193968	4.018151259731962	23.751	25.6045	26.8673	27.3003	27.86292	28.212192	28.251	0.01070690003092225	96	model.13	1x32x40x40	1x32x40x40	NCHWc8_SPATIAL_INNER_V1	0	51200	51200	102400	full_executor:lut1	1	no	yes	Conv-to-LUT eligible; complete-model fusion arm rejected
97	-1	conv_dense	full_executor	/model.13/m.0/m/m.0/cv2/conv/Conv	dense_conv_outside_resident_region	stable-selected	50	640.82964	22.709120035036893	3.543706254760141	624.134	631.093	668.635	670.4440000000001	712.3823399999999	747.148134	751.011	0.2672669644349774	97	model.13	1x32x40x40	1x32x40x40	NCHWc8_SPATIAL_INNER_V1	14745600	51200	51200	102400	full_executor:conv_dense	4	no	no	not-applicable
98	-1	lut2	full_executor	/model.13/m.0/m/m.0/Add_output_0_QuantizeLinear	lut2_add	stable-selected	50	232.106	13.12713388523239	5.655663311259679	222.92	227.67	256.1582	268.26215	272.89017	273.404817	273.462	0.09680305369012716	98	model.13	1x32x40x40,1x32x40x40	1x32x40x40	NCHWc8_SPATIAL_INNER_V1	0	102400	51200	153600	full_executor:lut2	4	no	yes	not-applicable
99	-1	conv_dense	full_executor	/model.13/m.0/m/m.1/cv1/conv/Conv	dense_conv_outside_resident_region	stable-selected	50	618.04256	17.404326051664654	2.8160400558279766	605.593	610.2175	651.4636	655.80955	657.33625	657.942625	658.01	0.25776329400559933	99	model.13	1x32x40x40	1x32x40x40	NCHWc8_SPATIAL_INNER_V1	14745600	51200	51200	102400	full_executor:conv_dense	4	no	no	not-applicable
100	-1	lut1	full_executor	/model.13/m.0/m/m.1/cv1/act/Mul_output_0_QuantizeLinear	lut1	measured-direct	50	19.65856	0.699009303608051	3.5557502869388755	18.667	19.355	20.8087	21.0923	21.292	21.292	21.292	0.008198877405799877	100	model.13	1x32x40x40	1x32x40x40	NCHWc8_SPATIAL_INNER_V1	0	51200	51200	102400	full_executor:lut1	1	no	yes	Conv-to-LUT eligible; complete-model fusion arm rejected
101	-1	conv_dense	full_executor	/model.13/m.0/m/m.1/cv2/conv/Conv	dense_conv_outside_resident_region	stable-selected	50	604.3958	12.33072767602984	2.040174282486715	594.926	600.176	634.4129	636.44475	639.02617	639.761317	639.843	0.25207172187486476	101	model.13	1x32x40x40	1x32x40x40	NCHWc8_SPATIAL_INNER_V1	14745600	51200	51200	102400	full_executor:conv_dense	4	no	no	not-applicable
102	-1	lut2	full_executor	/model.13/m.0/m/m.1/Add_output_0@/model.13/m.0/Concat_output_0_QuantizeLinear_Output	lut2_add	stable-selected	50	239.33942	1.6077152896744695	0.6717302522394638	236.587	239.0865	240.91129999999998	241.62449999999998	244.99699999999999	246.54049999999998	246.712	0.09981985267258878	102	model.13	1x32x40x40,1x32x40x40	1x32x40x40	NCHWc8_SPATIAL_INNER_V1	0	102400	51200	153600	full_executor:lut2	4	no	yes	not-applicable
103	-1	concat	full_executor	/model.13/m.0/Concat	concat_resize	measured-direct	50	50.45906	2.170182945452916	4.3008786637185	45.709	50.459	53.0554	53.80885	56.042	56.042	56.042	0.0210446567272425	103	model.13	1x32x40x40,1x32x40x40	1x64x40x40	NCHWc8_SPATIAL_INNER_V1	0	102400	102400	204800	full_executor:concat	1	no	yes	producer-direct where quantization domains permit
104	-1	conv_dense	full_executor	/model.13/m.0/cv3/conv/Conv	dense_conv_outside_resident_region	stable-selected	50	838.7684399999999	16.839646589873457	2.0076633534129464	808.512	837.0329999999999	863.0422	865.8692500000001	872.30241	873.092241	873.18	0.3498201094797386	104	model.13	1x64x40x40	1x64x40x40	NCHWc8_SPATIAL_INNER_V1	6553600	102400	102400	204800	full_executor:conv_dense	4	no	no	not-applicable
105	-1	concat	full_executor	/model.13/Concat	concat_resize	measured-direct	50	165.46076000000002	10.18202439989219	6.153739653977287	153.169	163.586	170.88150000000002	175.45475	209.44674999999995	215.234875	215.878	0.06900772420311947	105	model.13	1x128x40x40,1x64x40x40,1x64x40x40	1x192x40x40	NCHWc8_SPATIAL_INNER_V1	0	409600	307200	716800	full_executor:concat	1	no	yes	producer-direct where quantization domains permit
106	-1	conv_dense	full_executor	/model.13/cv2/conv/Conv	dense_conv_outside_resident_region	stable-selected	50	2033.94894	66.35518075075763	3.262381834951945	1967.613	2025.051	2060.2974	2089.67695	2296.2890399999997	2412.2738040000004	2425.161	0.8482868536004982	106	model.13	1x192x40x40	1x128x40x40	NCHWc8_SPATIAL_INNER_V1	39321600	307200	204800	512000	full_executor:conv_dense	4	no	no	not-applicable
107	-1	concat	full_executor	/model.15/Concat	concat_resize	measured-direct	50	1152.65076	77.4784194768782	6.721760151954283	1073.517	1123.809	1260.1357	1285.77975	1346.83592	1346.964692	1346.979	0.4807291212043026	107	model.15	1x128x40x40,1x128x80x80	1x256x80x80	NCHWc8_SPATIAL_INNER_V1	0	1024000	1638400	2662400	full_executor:concat	1	no	yes	producer-direct where quantization domains permit
108	-1	conv_dense	full_executor	/model.16/cv1/conv/Conv	dense_conv_outside_resident_region	stable-selected	50	5090.36982	117.56429484896462	2.3095432946159624	4835.739	5094.889	5222.4706	5288.5335	5330.43442	5341.4779419999995	5342.705	2.1230099307560466	108	model.16	1x256x80x80	1x64x80x80	NCHWc8_SPATIAL_INNER_V1	104857600	1638400	409600	2048000	full_executor:conv_dense	4	no	no	not-applicable
109	-1	split	full_executor	/model.16/Split	split_reshape_transpose	measured-reference	50	100.83318	18.079992362390023	17.93059820427167	92.459	97.731	101.0517	104.88295	172.43009999999978	217.94571000000002	223.003	0.04205388803945721	109	model.16	1x64x80x80	1x32x80x80	NCHWc8_SPATIAL_INNER_V1	0	409600	204800	614400	full_executor:split	1	yes-reference	yes	view/alias where lifetime and physical layout permit
110	-1	conv_dense	full_executor	/model.16/m.0/cv1/conv/Conv	dense_conv_outside_resident_region	stable-selected	50	798.80876	27.584535630335065	3.453208954585709	777.97	784.7204999999999	827.8127000000001	832.83785	896.17851	897.942951	898.139	0.33315436603286386	110	model.16	1x32x80x80	1x16x80x80	NCHWc8_SPATIAL_INNER_V1	3276800	204800	102400	307200	full_executor:conv_dense	4	no	no	not-applicable
111	-1	conv_dense	full_executor	/model.16/m.0/cv2/conv/Conv	dense_conv_outside_resident_region	stable-selected	50	787.50594	18.56290376366756	2.35717634887523	771.053	778.303	819.9043	821.28945	827.597	831.3454999999999	831.762	0.3284403668630456	111	model.16	1x32x80x80	1x16x80x80	NCHWc8_SPATIAL_INNER_V1	3276800	204800	102400	307200	full_executor:conv_dense	4	no	no	not-applicable
112	-1	lut1	full_executor	/model.16/m.0/cv1/act/Mul_output_0_QuantizeLinear	lut1	measured-direct	50	45.43226	10.117970008568205	22.27045277643728	40.626	43.125	46.096500000000006	46.7404	93.87266999999999	97.364067	97.752	0.018948159479047575	112	model.16	1x16x80x80	1x16x80x80	NCHWc8_SPATIAL_INNER_V1	0	102400	102400	204800	full_executor:lut1	1	no	yes	Conv-to-LUT eligible; complete-model fusion arm rejected
113	-1	conv_dense	full_executor	/model.16/m.0/m/m.0/cv1/conv/Conv	dense_conv_outside_resident_region	stable-selected	50	1123.20604	41.39918779838217	3.685805304108067	1100.516	1115.225	1141.6004	1158.17995	1279.1454599999997	1383.0212460000002	1394.563	0.4684487888947081	113	model.16	1x16x80x80	1x16x80x80	NCHWc8_SPATIAL_INNER_V1	14745600	102400	102400	204800	full_executor:conv_dense	4	no	no	not-applicable
114	-1	lut1	full_executor	/model.16/m.0/m/m.0/cv1/act/Mul_output_0_QuantizeLinear	lut1	measured-direct	50	44.73156	6.483566998723679	14.494390534834196	40.626	43.480000000000004	46.2266	47.12325	71.59883999999994	85.08638400000001	86.585	0.018655922743587607	114	model.16	1x16x80x80	1x16x80x80	NCHWc8_SPATIAL_INNER_V1	0	102400	102400	204800	full_executor:lut1	1	no	yes	Conv-to-LUT eligible; complete-model fusion arm rejected
115	-1	conv_dense	full_executor	/model.16/m.0/m/m.0/cv2/conv/Conv	dense_conv_outside_resident_region	stable-selected	50	1105.1875	16.52483557638413	1.4952065216430814	1088.891	1098.7045	1134.1795	1139.8654000000001	1145.41275	1147.231875	1147.434	0.46093390476832746	115	model.16	1x16x80x80	1x16x80x80	NCHWc8_SPATIAL_INNER_V1	14745600	102400	102400	204800	full_executor:conv_dense	4	no	no	not-applicable
116	-1	lut2	full_executor	/model.16/m.0/m/m.0/Add_output_0_QuantizeLinear	lut2_add	stable-selected	50	582.9321199999999	20.76565343437896	3.5622764163997283	553.842	577.738	613.1766	620.1154	625.7467499999999	629.7708749999999	630.218	0.2431199939254463	116	model.16	1x16x80x80,1x16x80x80	1x16x80x80	NCHWc8_SPATIAL_INNER_V1	0	204800	102400	307200	full_executor:lut2	4	no	yes	not-applicable
117	-1	conv_dense	full_executor	/model.16/m.0/m/m.1/cv1/conv/Conv	dense_conv_outside_resident_region	stable-selected	50	1247.44042	1089.7088309579576	87.35558135577791	1080.641	1085.1619999999998	1113.2535	1117.84405	5035.753749999985	8421.895075000004	8798.133	0.5202624746990373	117	model.16	1x16x80x80	1x16x80x80	NCHWc8_SPATIAL_INNER_V1	14745600	102400	102400	204800	full_executor:conv_dense	4	no	no	not-applicable
118	-1	lut1	full_executor	/model.16/m.0/m/m.1/cv1/act/Mul_output_0_QuantizeLinear	lut1	measured-direct	50	37.731320000000004	13.490665816824036	35.75455567635597	34.584	35.459	36.2081	36.4904	93.14967999999986	125.41676800000005	129.002	0.015736374741537783	118	model.16	1x16x80x80	1x16x80x80	NCHWc8_SPATIAL_INNER_V1	0	102400	102400	204800	full_executor:lut1	1	no	yes	Conv-to-LUT eligible; complete-model fusion arm rejected
119	-1	conv_dense	full_executor	/model.16/m.0/m/m.1/cv2/conv/Conv	dense_conv_outside_resident_region	stable-selected	50	1090.74556	12.327970568307732	1.1302333945148244	1084.599	1087.308	1105.0334	1105.99535	1142.2906600000001	1158.019366	1159.767	0.4549106916966723	119	model.16	1x16x80x80	1x16x80x80	NCHWc8_SPATIAL_INNER_V1	14745600	102400	102400	204800	full_executor:conv_dense	4	no	no	not-applicable
120	-1	lut2	full_executor	/model.16/m.0/m/m.1/Add_output_0@/model.16/m.0/Concat_output_0_QuantizeLinear_Output	lut2_add	stable-selected	50	498.0958	8.600271476493498	1.7266299929639035	491.34	494.966	505.7865	516.5870499999999	530.00285	533.458085	533.842	0.2077378200917979	120	model.16	1x16x80x80,1x16x80x80	1x16x80x80	NCHWc8_SPATIAL_INNER_V1	0	204800	102400	307200	full_executor:lut2	4	no	yes	not-applicable
121	-1	concat	full_executor	/model.16/m.0/Concat	concat_resize	measured-direct	50	101.05894	5.285099193593481	5.229719600852216	94.293	100.14750000000001	104.92190000000001	106.31175	122.24307999999998	128.28830800000003	128.96	0.04214804440508794	121	model.16	1x16x80x80,1x16x80x80	1x32x80x80	NCHWc8_SPATIAL_INNER_V1	0	204800	204800	409600	full_executor:concat	1	no	yes	producer-direct where quantization domains permit
122	-1	conv_dense	full_executor	/model.16/m.0/cv3/conv/Conv	dense_conv_outside_resident_region	stable-selected	50	1491.7483	19.332265750051448	1.2959468933231866	1463.481	1501.8764999999999	1512.9391	1517.44555	1520.9748399999999	1522.555384	1522.731	0.6221544931068387	122	model.16	1x32x80x80	1x32x80x80	NCHWc8_SPATIAL_INNER_V1	6553600	204800	204800	409600	full_executor:conv_dense	4	no	no	not-applicable
123	-1	concat	full_executor	/model.16/Concat	concat_resize	measured-direct	50	358.9062	23.875727859404122	6.652358710828657	301.963	354.755	392.8476	404.18084999999996	417.96916	418.152616	418.173	0.1496868506127352	123	model.16	1x64x80x80,1x32x80x80,1x32x80x80	1x96x80x80	NCHWc8_SPATIAL_INNER_V1	0	819200	614400	1433600	full_executor:concat	1	no	yes	producer-direct where quantization domains permit
124	-1	conv_dense	full_executor	/model.16/cv2/conv/Conv	dense_conv_outside_resident_region	stable-selected	50	3714.25078	244.0744808797218	6.571297829268325	3577.762	3676.7425000000003	3731.0690999999997	3763.86485	4595.772579999996	5304.837958	5383.623	1.5490802378005595	124	model.16	1x96x80x80	1x64x80x80	NCHWc8_SPATIAL_INNER_V1	39321600	614400	409600	1024000	full_executor:conv_dense	4	no	no	not-applicable
125	-1	lut1	full_executor	/model.16/cv2/act/Mul_output_0_QuantizeLinear	lut1	measured-direct	50	165.67402	27.860387023177267	16.816388606479922	153.169	157.96	169.3738	218.20954999999992	286.4410899999999	297.448009	298.671	0.06909666726891679	125	model.16	1x64x80x80	1x64x80x80	NCHWc8_SPATIAL_INNER_V1	0	409600	409600	819200	full_executor:lut1	1	no	yes	Conv-to-LUT eligible; complete-model fusion arm rejected
126	-1	conv_dense	full_executor	/model.17/conv/Conv	dense_conv_outside_resident_region	stable-selected	50	1762.2165	123.96680535287643	7.03470914912421	1716.234	1737.7345	1773.8231	1782.5084	2215.1329499999983	2570.510595	2609.997	0.7349570388664143	126	model.17	1x64x80x80	1x64x40x40	NCHWc8_SPATIAL_INNER_V1	58982400	409600	102400	512000	full_executor:conv_dense	4	no	no	not-applicable
127	-1	conv_dense	full_executor	/model.23/one2one_cv2.0/one2one_cv2.0.0/conv/Conv	dense_conv_outside_resident_region	stable-selected	50	2703.19148	27.94961865479693	1.0339489030498472	2654.831	2700.999	2722.7579	2734.5263	2805.00542	2839.201442	2843.001	1.1274038153823438	127	model.23	1x64x80x80	1x16x80x80	NCHWc8_SPATIAL_INNER_V1	58982400	409600	102400	512000	full_executor:conv_dense	4	no	no	not-applicable
128	-1	conv_grouped	full_executor	/model.23/one2one_cv3.0/one2one_cv3.0.0/one2one_cv3.0.0.0/conv/Conv	grouped_depthwise	stable-selected	50	2287.7519	65.66082884756315	2.870102691098766	2232.825	2252.4295	2391.3229	2402.3129	2425.38617	2426.121317	2426.203	0.9541389279268543	128	model.23	1x64x80x80	1x64x80x80	NCHWc8_SPATIAL_INNER_V1	3686400	409600	409600	819200	full_executor:conv_grouped	4	no	no	not-applicable
129	-1	lut1	full_executor	/model.23/one2one_cv2.0/one2one_cv2.0.0/act/Mul_output_0_QuantizeLinear	lut1	measured-direct	50	69.14352	7.739265746536307	11.193045633974533	58.626	67.6255	72.5421	75.22409999999999	103.39874999999999	103.453875	103.46	0.028837272103626705	129	model.23	1x16x80x80	1x16x80x80	NCHWc8_SPATIAL_INNER_V1	0	102400	102400	204800	full_executor:lut1	1	no	yes	Conv-to-LUT eligible; complete-model fusion arm rejected
130	-1	lut1	full_executor	/model.23/one2one_cv3.0/one2one_cv3.0.0/one2one_cv3.0.0.0/act/Mul_output_0_QuantizeLinear	lut1	measured-direct	50	181.00108	12.34577532110412	6.820829644278432	165.711	178.5025	194.81910000000002	203.47175	222.54574999999994	234.507875	235.837	0.0754890320164537	130	model.23	1x64x80x80	1x64x80x80	NCHWc8_SPATIAL_INNER_V1	0	409600	409600	819200	full_executor:lut1	1	no	yes	Conv-to-LUT eligible; complete-model fusion arm rejected
131	-1	concat	full_executor	/model.18/Concat	concat_resize	measured-direct	50	131.69286	12.735294536805332	9.670451789721426	118.169	128.27300000000002	141.0351	159.67919999999998	178.50391	183.15249100000003	183.669	0.054924349207631	131	model.18	1x64x40x40,1x128x40x40	1x192x40x40	NCHWc8_SPATIAL_INNER_V1	0	307200	307200	614400	full_executor:concat	1	no	yes	producer-direct where quantization domains permit
132	-1	conv_dense	full_executor	/model.23/one2one_cv2.0/one2one_cv2.0.1/conv/Conv	dense_conv_outside_resident_region	stable-selected	50	1143.53388	21.250292923445677	1.858300247601381	1116.266	1142.309	1169.5052	1171.2465	1178.42908	1180.946308	1181.226	0.4769267988855067	132	model.23	1x16x80x80	1x16x80x80	NCHWc8_SPATIAL_INNER_V1	14745600	102400	102400	204800	full_executor:conv_dense	4	no	no	not-applicable
133	-1	conv_dense	full_executor	/model.23/one2one_cv3.0/one2one_cv3.0.0/one2one_cv3.0.0.1/conv/Conv	dense_conv_outside_resident_region	stable-selected	50	4283.58112	24.583800114444013	0.573907658703193	4232.189	4285.4185	4314.814899999999	4322.58375	4331.71784	4336.6058840000005	4337.149	1.7865274191333917	133	model.23	1x64x80x80	1x80x80x80	NCHWc8_SPATIAL_INNER_V1	32768000	409600	512000	921600	full_executor:conv_dense	4	no	no	not-applicable
134	-1	conv_dense	full_executor	/model.19/cv1/conv/Conv	dense_conv_outside_resident_region	stable-selected	50	2049.7457999999997	30.62365265207762	1.494021973460203	1996.321	2046.864	2084.2518999999998	2090.83375	2129.91275	2142.095375	2143.449	0.8548751550089727	134	model.19	1x192x40x40	1x128x40x40	NCHWc8_SPATIAL_INNER_V1	39321600	307200	204800	512000	full_executor:conv_dense	4	no	no	not-applicable
135	-1	lut1	full_executor	/model.23/one2one_cv2.0/one2one_cv2.0.1/act/Mul_output_0_QuantizeLinear	lut1	measured-direct	50	55.70998	7.025838575819216	12.611454134105262	49.293	54.1255	57.3472	59.35549999999999	88.51840999999999	90.190241	90.376	0.023234626356130005	135	model.23	1x16x80x80	1x16x80x80	NCHWc8_SPATIAL_INNER_V1	0	102400	102400	204800	full_executor:lut1	1	no	yes	Conv-to-LUT eligible; complete-model fusion arm rejected
136	-1	lut1	full_executor	/model.23/one2one_cv3.0/one2one_cv3.0.0/one2one_cv3.0.0.1/act/Mul_output_0_QuantizeLinear	lut1	measured-direct	50	312.64556	47.52487303149364	15.200878922282998	247.962	295.9415	386.2682	392.90205	423.99357999999995	437.205058	438.673	0.13039320366840956	136	model.23	1x80x80x80	1x80x80x80	NCHWc8_SPATIAL_INNER_V1	0	512000	512000	1024000	full_executor:lut1	1	no	yes	Conv-to-LUT eligible; complete-model fusion arm rejected
137	-1	split	full_executor	/model.19/Split	split_reshape_transpose	measured-reference	50	47.60232	1.5358148862730685	3.2263446115085745	45.084	47.459	49.2087	50.480349999999994	51.78025	52.166125	52.209	0.01985321335396161	137	model.19	1x128x40x40	1x64x40x40	NCHWc8_SPATIAL_INNER_V1	0	204800	102400	307200	full_executor:split	1	yes-reference	yes	view/alias where lifetime and physical layout permit
138	-1	conv_dense	full_executor	/model.23/one2one_cv2.0/one2one_cv2.0.2/Conv	dense_conv_outside_resident_region	stable-selected	50	242.17282	17.655192988374125	7.290328034489637	227.462	238.483	264.13730000000004	271.39365000000004	304.99775999999986	333.16707600000007	336.297	0.10100156177242078	138	model.23	1x16x80x80	1x4x80x80	NCHWc8_SPATIAL_INNER_V1	409600	102400	51200	153600	full_executor:conv_dense	4	no	no	not-applicable
139	-1	conv_grouped	full_executor	/model.23/one2one_cv3.0/one2one_cv3.0.1/one2one_cv3.0.1.0/conv/Conv	grouped_depthwise	stable-selected	50	2885.02926	25.425293112760645	0.8812837174746938	2849.21	2890.273	2902.735	2907.4273	2962.6202599999997	2999.940326	3004.087	1.2032418048364446	139	model.23	1x80x80x80	1x80x80x80	NCHWc8_SPATIAL_INNER_V1	4608000	512000	512000	1024000	full_executor:conv_grouped	4	no	no	not-applicable
140	-1	conv_dense	full_executor	/model.19/m.0/cv1/conv/Conv	dense_conv_outside_resident_region	stable-selected	50	482.56559999999996	22.436932175067334	4.649509242902382	449.715	478.215	509.45770000000005	534.9455	545.41041	547.523241	547.758	0.20126073296600874	140	model.19	1x64x40x40	1x32x40x40	NCHWc8_SPATIAL_INNER_V1	3276800	102400	51200	153600	full_executor:conv_dense	4	no	no	not-applicable
141	-1	conv_dense	full_executor	/model.19/m.0/cv2/conv/Conv	dense_conv_outside_resident_region	stable-selected	50	442.54	21.720911745624875	4.90823693804512	425.048	438.4855	467.4784	474.26529999999997	521.3544299999999	559.6301430000001	563.883	0.18456749666113276	141	model.19	1x64x40x40	1x32x40x40	NCHWc8_SPATIAL_INNER_V1	3276800	102400	51200	153600	full_executor:conv_dense	4	no	no	not-applicable
142	-1	lut1	full_executor	/model.23/one2one_cv3.0/one2one_cv3.0.1/one2one_cv3.0.1.0/act/Mul_output_0_QuantizeLinear	lut1	measured-direct	50	387.02	53.452491088358265	13.811299438881264	274.004	381.172	455.78229999999996	464.3535	472.969	474.95349999999996	475.174	0.16141210412119036	142	model.23	1x80x80x80	1x80x80x80	NCHWc8_SPATIAL_INNER_V1	0	512000	512000	1024000	full_executor:lut1	1	no	yes	Conv-to-LUT eligible; complete-model fusion arm rejected
143	-1	lut1	full_executor	/model.19/m.0/cv1/act/Mul_output_0_QuantizeLinear	lut1	measured-direct	50	31.56208	6.245271931923659	19.787263488096027	28.25	30.563000000000002	32.696200000000005	33.936299999999996	55.691499999999934	71.45725000000002	73.209	0.013163406912411092	143	model.19	1x32x40x40	1x32x40x40	NCHWc8_SPATIAL_INNER_V1	0	51200	51200	102400	full_executor:lut1	1	no	yes	Conv-to-LUT eligible; complete-model fusion arm rejected
144	-1	conv_dense	full_executor	/model.23/one2one_cv3.0/one2one_cv3.0.1/one2one_cv3.0.1.1/conv/Conv	dense_conv_outside_resident_region	stable-selected	50	4297.82712	40.83665556007551	0.9501698048774823	4240.147	4292.7515	4331.1732999999995	4337.7381	4445.12361	4525.6991610000005	4534.652	1.7924689126874986	144	model.23	1x80x80x80	1x80x80x80	NCHWc8_SPATIAL_INNER_V1	40960000	512000	512000	1024000	full_executor:conv_dense	4	no	no	not-applicable
145	-1	conv_dense	full_executor	/model.19/m.0/m/m.0/cv1/conv/Conv	dense_conv_outside_resident_region	stable-selected	50	664.5783	33.37624456458056	5.022168879811537	644.343	652.8225	688.6226	693.93515	782.5471899999997	857.591719	865.93	0.277171675252658	145	model.19	1x32x40x40	1x32x40x40	NCHWc8_SPATIAL_INNER_V1	14745600	51200	51200	102400	full_executor:conv_dense	4	no	no	not-applicable
146	-1	lut1	full_executor	/model.23/one2one_cv3.0/one2one_cv3.0.1/one2one_cv3.0.1.1/act/Mul_output_0_QuantizeLinear	lut1	measured-direct	50	347.1069	74.96676323415679	21.597600979455258	257.629	340.276	405.5685	425.8691999999999	576.5321199999994	692.3881120000001	705.261	0.14476578751481478	146	model.23	1x80x80x80	1x80x80x80	NCHWc8_SPATIAL_INNER_V1	0	512000	512000	1024000	full_executor:lut1	1	no	yes	Conv-to-LUT eligible; complete-model fusion arm rejected
147	-1	lut1	full_executor	/model.19/m.0/m/m.0/cv1/act/Mul_output_0_QuantizeLinear	lut1	measured-direct	50	31.40892	7.087281128146939	22.564548950256615	27.834	30.1045	33.1051	34.86265	58.31440999999992	76.74424100000002	78.792	0.013099529392212648	147	model.19	1x32x40x40	1x32x40x40	NCHWc8_SPATIAL_INNER_V1	0	51200	51200	102400	full_executor:lut1	1	no	yes	Conv-to-LUT eligible; complete-model fusion arm rejected
148	-1	conv_dense	full_executor	/model.23/one2one_cv3.0/one2one_cv3.0.2/Conv	dense_conv_outside_resident_region	stable-selected	50	4302.90794	50.3342790293503	1.1697735515426875	4252.314	4293.0435	4338.3272	4361.440149999999	4510.068	4537.6305	4540.693	1.7945879397322537	148	model.23	1x80x80x80	1x80x80x80	NCHWc8_SPATIAL_INNER_V1	40960000	512000	512000	1024000	full_executor:conv_dense	4	no	no	not-applicable
149	-1	conv_dense	full_executor	/model.19/m.0/m/m.0/cv2/conv/Conv	dense_conv_outside_resident_region	stable-selected	50	659.64576	10.40908522428992	1.5779810703687263	643.927	658.8225	665.7434	677.0098499999999	697.04592	701.364192	701.844	0.27511449045584657	149	model.19	1x32x40x40	1x32x40x40	NCHWc8_SPATIAL_INNER_V1	14745600	51200	51200	102400	full_executor:conv_dense	4	no	no	not-applicable
150	-1	lut2	full_executor	/model.19/m.0/m/m.0/Add_output_0_QuantizeLinear	lut2_add	stable-selected	50	251.04552	8.466958635803543	3.3726786424245065	238.295	253.2115	256.7284	257.5354	280.50892999999996	281.63039299999997	281.755	0.10470204540695154	150	model.19	1x32x40x40,1x32x40x40	1x32x40x40	NCHWc8_SPATIAL_INNER_V1	0	102400	51200	153600	full_executor:lut2	4	no	yes	not-applicable
151	-1	conv_dense	full_executor	/model.19/m.0/m/m.1/cv1/conv/Conv	dense_conv_outside_resident_region	stable-selected	50	624.0918800000001	12.440394341541628	1.9933594299515043	615.384	619.3009999999999	651.0391	652.06815	655.11858	655.320558	655.343	0.2602862475214445	151	model.19	1x32x40x40	1x32x40x40	NCHWc8_SPATIAL_INNER_V1	14745600	51200	51200	102400	full_executor:conv_dense	4	no	no	not-applicable
152	-1	lut1	full_executor	/model.19/m.0/m/m.1/cv1/act/Mul_output_0_QuantizeLinear	lut1	measured-direct	50	21.024540000000002	4.3309476043273225	20.59948804743087	19.5	20.209	21.3045	21.7026	37.57841999999995	49.283442000000015	50.584	0.008768578470311953	152	model.19	1x32x40x40	1x32x40x40	NCHWc8_SPATIAL_INNER_V1	0	51200	51200	102400	full_executor:lut1	1	no	yes	Conv-to-LUT eligible; complete-model fusion arm rejected
153	-1	conv_dense	full_executor	/model.19/m.0/m/m.1/cv2/conv/Conv	dense_conv_outside_resident_region	stable-selected	50	622.3335	18.073560128665573	2.9041599285054676	608.217	614.0930000000001	647.2766	648.20535	678.1708399999999	701.8013840000001	704.427	0.25955289054856295	153	model.19	1x32x40x40	1x32x40x40	NCHWc8_SPATIAL_INNER_V1	14745600	51200	51200	102400	full_executor:conv_dense	4	no	no	not-applicable
154	-1	lut2	full_executor	/model.19/m.0/m/m.1/Add_output_0@/model.19/m.0/Concat_output_0_QuantizeLinear_Output	lut2_add	stable-selected	50	274.13574	11.889857184583674	4.337215273201398	264.504	269.35850000000005	281.0665	309.4156	313.19934	314.449134	314.588	0.11433214461324887	154	model.19	1x32x40x40,1x32x40x40	1x32x40x40	NCHWc8_SPATIAL_INNER_V1	0	102400	51200	153600	full_executor:lut2	4	no	yes	not-applicable
155	-1	concat	full_executor	/model.19/m.0/Concat	concat_resize	measured-direct	50	57.86252	3.0776827569866687	5.318957344040095	52.459	57.542	60.5927	64.0885	67.32559	67.858759	67.918	0.024132373269997575	155	model.19	1x32x40x40,1x32x40x40	1x64x40x40	NCHWc8_SPATIAL_INNER_V1	0	102400	102400	204800	full_executor:concat	1	no	yes	producer-direct where quantization domains permit
156	-1	conv_dense	full_executor	/model.19/m.0/cv3/conv/Conv	dense_conv_outside_resident_region	stable-selected	50	877.42232	24.553955913407325	2.798419341943265	837.762	872.0965	901.322	911.46125	955.5553399999999	986.793134	990.264	0.3659412507728191	156	model.19	1x64x40x40	1x64x40x40	NCHWc8_SPATIAL_INNER_V1	6553600	102400	102400	204800	full_executor:conv_dense	4	no	no	not-applicable
157	-1	concat	full_executor	/model.19/Concat	concat_resize	measured-direct	50	172.34846000000002	13.739854829774046	7.972136698972561	153.253	170.044	175.2527	197.76969999999992	227.80708999999996	236.60900900000001	237.587	0.0718803358241094	157	model.19	1x128x40x40,1x64x40x40,1x64x40x40	1x192x40x40	NCHWc8_SPATIAL_INNER_V1	0	409600	307200	716800	full_executor:concat	1	no	yes	producer-direct where quantization domains permit
158	-1	conv_dense	full_executor	/model.19/cv2/conv/Conv	dense_conv_outside_resident_region	stable-selected	50	2053.3990400000002	34.02401824159646	1.65696085265514	1994.488	2050.906	2100.4849	2107.7173	2120.1787499999996	2125.7463749999997	2126.365	0.8563987898476368	158	model.19	1x192x40x40	1x128x40x40	NCHWc8_SPATIAL_INNER_V1	39321600	307200	204800	512000	full_executor:conv_dense	4	no	no	not-applicable
159	-1	lut1	full_executor	/model.19/cv2/act/Mul_output_0_QuantizeLinear	lut1	measured-direct	50	86.71802	5.985471391219076	6.902223310932465	81.168	86.043	88.9222	90.0661	108.21199999999993	122.98550000000002	124.627	0.036166963137366205	159	model.19	1x128x40x40	1x128x40x40	NCHWc8_SPATIAL_INNER_V1	0	204800	204800	409600	full_executor:lut1	1	no	yes	Conv-to-LUT eligible; complete-model fusion arm rejected
160	-1	conv_dense	full_executor	/model.20/conv/Conv	dense_conv_outside_resident_region	stable-selected	50	1131.40116	28.35846183716241	2.506490433257326	1080.683	1132.746	1168.9968000000001	1176.99475	1192.2869899999998	1196.806799	1197.309	0.47186667831315066	160	model.20	1x128x40x40	1x128x20x20	NCHWc8_SPATIAL_INNER_V1	58982400	204800	51200	256000	full_executor:conv_dense	4	no	no	not-applicable
161	-1	conv_dense	full_executor	/model.23/one2one_cv2.1/one2one_cv2.1.0/conv/Conv	dense_conv_outside_resident_region	stable-selected	50	1299.7112	18.641268443528016	1.4342623533234167	1274.853	1292.811	1328.4322	1331.29095	1343.68717	1345.524817	1345.729	0.5420627345922104	161	model.23	1x128x40x40	1x16x40x40	NCHWc8_SPATIAL_INNER_V1	29491200	204800	25600	230400	full_executor:conv_dense	4	no	no	not-applicable
162	-1	conv_grouped	full_executor	/model.23/one2one_cv3.1/one2one_cv3.1.0/one2one_cv3.1.0.0/conv/Conv	grouped_depthwise	stable-selected	50	1297.72872	28.963962470657084	2.2318965454241533	1263.894	1307.0610000000001	1329.0117	1340.1636	1344.70217	1347.201317	1347.479	0.5412359135799161	162	model.23	1x128x40x40	1x128x40x40	NCHWc8_SPATIAL_INNER_V1	1843200	204800	204800	409600	full_executor:conv_grouped	4	no	no	not-applicable
163	-1	lut1	full_executor	/model.23/one2one_cv2.1/one2one_cv2.1.0/act/Mul_output_0_QuantizeLinear	lut1	measured-direct	50	20.2462	5.692420474380196	28.115994479853974	16.958	19.4375	20.538500000000003	22.183999999999994	41.31616999999993	57.045317000000026	58.793	0.00844396088692689	163	model.23	1x16x40x40	1x16x40x40	NCHWc8_SPATIAL_INNER_V1	0	25600	25600	51200	full_executor:lut1	1	no	yes	Conv-to-LUT eligible; complete-model fusion arm rejected
164	-1	lut1	full_executor	/model.23/one2one_cv3.1/one2one_cv3.1.0/one2one_cv3.1.0.0/act/Mul_output_0_QuantizeLinear	lut1	measured-direct	50	63.53438	8.2913195200321	13.050130527805734	58.126	62.0215	63.3046	80.19924999999992	96.52425	98.453625	98.668	0.026497901813434123	164	model.23	1x128x40x40	1x128x40x40	NCHWc8_SPATIAL_INNER_V1	0	204800	204800	409600	full_executor:lut1	1	no	yes	Conv-to-LUT eligible; complete-model fusion arm rejected
165	-1	concat	full_executor	/model.21/Concat	concat_resize	measured-direct	50	99.34064000000001	2.959279530078708	2.9789213458648023	91.626	99.3765	102.268	104.34285	106.71349	108.69754900000001	108.918	0.041431403356792136	165	model.21	1x128x20x20,1x256x20x20	1x384x20x20	NCHWc8_SPATIAL_INNER_V1	0	153600	153600	307200	full_executor:concat	1	no	yes	producer-direct where quantization domains permit
166	-1	conv_dense	full_executor	/model.23/one2one_cv2.1/one2one_cv2.1.1/conv/Conv	dense_conv_outside_resident_region	stable-selected	50	297.24272	9.415772052708766	3.1677048483168115	289.713	294.504	300.863	318.8834999999999	332.41976	333.247076	333.339	0.12396923381196279	166	model.23	1x16x40x40	1x16x40x40	NCHWc8_SPATIAL_INNER_V1	3686400	25600	25600	51200	full_executor:conv_dense	4	no	no	not-applicable
167	-1	conv_dense	full_executor	/model.23/one2one_cv3.1/one2one_cv3.1.0/one2one_cv3.1.0.1/conv/Conv	dense_conv_outside_resident_region	stable-selected	50	1174.35616	27.926707674283726	2.3780441254111295	1127.35	1174.8305	1207.8478	1214.81015	1230.5528399999998	1239.409884	1240.394	0.4897816618605791	167	model.23	1x128x40x40	1x80x40x40	NCHWc8_SPATIAL_INNER_V1	16384000	204800	128000	332800	full_executor:conv_dense	4	no	no	not-applicable
168	-1	conv_dense	full_executor	/model.22/cv1/conv/Conv	dense_conv_outside_resident_region	stable-selected	50	1196.66472	22.77827625669076	1.9034802209837653	1160.476	1193.3725	1228.5978	1237.7378999999999	1254.7595000000001	1256.1927500000002	1256.352	0.4990857588310556	168	model.22	1x384x20x20	1x256x20x20	NCHWc8_SPATIAL_INNER_V1	39321600	153600	102400	256000	full_executor:conv_dense	4	no	no	not-applicable
169	-1	lut1	full_executor	/model.23/one2one_cv2.1/one2one_cv2.1.1/act/Mul_output_0_QuantizeLinear	lut1	measured-direct	50	19.89536	1.176717238588709	5.914531019236189	18.042	19.792	21.3885	21.8632	22.825409999999998	23.394741	23.458	0.008297638157843436	169	model.23	1x16x40x40	1x16x40x40	NCHWc8_SPATIAL_INNER_V1	0	25600	25600	51200	full_executor:lut1	1	no	yes	Conv-to-LUT eligible; complete-model fusion arm rejected
170	-1	lut1	full_executor	/model.23/one2one_cv3.1/one2one_cv3.1.0/one2one_cv3.1.0.1/act/Mul_output_0_QuantizeLinear	lut1	measured-direct	50	47.59652	5.069505652508568	10.65100064565344	39.209	46.563	52.6754	55.33385	60.77366999999999	63.603567000000005	63.918	0.019850794382838922	170	model.23	1x80x40x40	1x80x40x40	NCHWc8_SPATIAL_INNER_V1	0	128000	128000	256000	full_executor:lut1	1	no	yes	Conv-to-LUT eligible; complete-model fusion arm rejected
171	-1	split	full_executor	/model.22/Split	split_reshape_transpose	measured-reference	50	26.57958	0.7911653530826328	2.97659087571223	25.125	26.5835	27.646800000000002	27.92065	28.18975	28.244875	28.251	0.011085385598825666	171	model.22	1x256x20x20	1x128x20x20	NCHWc8_SPATIAL_INNER_V1	0	102400	51200	153600	full_executor:split	1	yes-reference	yes	view/alias where lifetime and physical layout permit
172	-1	conv_dense	full_executor	/model.23/one2one_cv2.1/one2one_cv2.1.2/Conv	dense_conv_outside_resident_region	stable-selected	50	66.73426	3.612285261239958	5.412939712285651	62.376	66.1055	71.3087	71.8673	74.56124999999999	76.270125	76.46	0.027832456523101106	172	model.23	1x16x40x40	1x4x40x40	NCHWc8_SPATIAL_INNER_V1	102400	25600	12800	38400	full_executor:conv_dense	4	no	no	not-applicable
173	-1	conv_grouped	full_executor	/model.23/one2one_cv3.1/one2one_cv3.1.1/one2one_cv3.1.1.0/conv/Conv	grouped_depthwise	stable-selected	50	799.60704	11.5407618483003	1.4433041820517614	792.179	795.345	826.9088	828.3308999999999	833.0459999999999	836.3535	836.721	0.33348729987214315	173	model.23	1x80x40x40	1x80x40x40	NCHWc8_SPATIAL_INNER_V1	1152000	128000	128000	256000	full_executor:conv_grouped	4	no	no	not-applicable
174	-1	conv_dense	full_executor	/model.22/m.0/m.0.0/cv1/conv/Conv	dense_conv_outside_resident_region	stable-selected	50	685.78948	21.171815109484683	3.0872178309712015	659.968	678.6355000000001	711.2351	727.8898	754.36642	770.9224419999999	772.762	0.28601809454544214	174	model.22	1x128x20x20	1x64x20x20	NCHWc8_SPATIAL_INNER_V1	29491200	51200	25600	76800	full_executor:conv_dense	4	no	no	not-applicable
175	-1	lut1	full_executor	/model.23/one2one_cv3.1/one2one_cv3.1.1/one2one_cv3.1.1.0/act/Mul_output_0_QuantizeLinear	lut1	measured-direct	50	45.69316	6.1848766419321874	13.535672827031853	42.126	43.605000000000004	50.645900000000005	54.882099999999994	69.72466999999996	79.61056700000002	80.709	0.01905697147316989	175	model.23	1x80x40x40	1x80x40x40	NCHWc8_SPATIAL_INNER_V1	0	128000	128000	256000	full_executor:lut1	1	no	yes	Conv-to-LUT eligible; complete-model fusion arm rejected
176	-1	lut1	full_executor	/model.22/m.0/m.0.0/cv1/act/Mul_output_0_QuantizeLinear	lut1	measured-direct	50	13.64362	4.456882079779678	32.6664190279389	12.334	13.0	13.6333	13.8234	29.51266999999994	42.92656700000002	44.417	0.005690262549816433	176	model.22	1x64x20x20	1x64x20x20	NCHWc8_SPATIAL_INNER_V1	0	25600	25600	51200	full_executor:lut1	1	no	yes	Conv-to-LUT eligible; complete-model fusion arm rejected
177	-1	conv_dense	full_executor	/model.23/one2one_cv3.1/one2one_cv3.1.1/one2one_cv3.1.1.1/conv/Conv	dense_conv_outside_resident_region	stable-selected	50	982.83072	20.137975298020237	2.0489769894474033	955.514	974.932	1012.6279000000001	1013.7093	1015.58592	1015.935192	1015.974	0.4099032983053706	177	model.23	1x80x40x40	1x80x40x40	NCHWc8_SPATIAL_INNER_V1	10240000	128000	128000	256000	full_executor:conv_dense	4	no	no	not-applicable
178	-1	conv_dense	full_executor	/model.22/m.0/m.0.0/cv2/conv/Conv	dense_conv_outside_resident_region	stable-selected	50	755.7447599999999	18.6682563416936	2.470180056781816	721.303	749.011	783.2287	794.2394499999999	803.38758	807.999558	808.512	0.31519392251088835	178	model.22	1x64x20x20	1x128x20x20	NCHWc8_SPATIAL_INNER_V1	29491200	25600	51200	76800	full_executor:conv_dense	4	no	no	not-applicable
179	-1	lut1	full_executor	/model.23/one2one_cv3.1/one2one_cv3.1.1/one2one_cv3.1.1.1/act/Mul_output_0_QuantizeLinear	lut1	measured-direct	50	43.13224	1.4913099509477965	3.4575295670890185	41.792	42.563	44.9212	45.7109	48.61325	48.999125	49.042	0.01798890396842585	179	model.23	1x80x40x40	1x80x40x40	NCHWc8_SPATIAL_INNER_V1	0	128000	128000	256000	full_executor:lut1	1	no	yes	Conv-to-LUT eligible; complete-model fusion arm rejected
180	-1	lut2	full_executor	/model.22/m.0/m.0.0/Add_output_0_QuantizeLinear	lut2_add	stable-selected	50	217.25401999999997	5.595948131406129	2.575762755232851	214.128	216.607	217.51549999999997	217.78439999999998	237.76191999999992	253.766692	255.545	0.09060882770137764	180	model.22	1x128x20x20,1x128x20x20	1x128x20x20	NCHWc8_SPATIAL_INNER_V1	0	102400	51200	153600	full_executor:lut2	4	no	yes	not-applicable
181	-1	conv_dense	full_executor	/model.23/one2one_cv3.1/one2one_cv3.1.2/Conv	dense_conv_outside_resident_region	stable-selected	50	978.27966	14.588663725310965	1.491256981189915	962.431	971.639	1005.6733	1008.1193499999999	1017.87292	1018.0016919999999	1018.016	0.4080052150781942	181	model.23	1x80x40x40	1x80x40x40	NCHWc8_SPATIAL_INNER_V1	10240000	128000	128000	256000	full_executor:conv_dense	4	no	no	not-applicable
182	-1	conv_dense	full_executor	/model.22/m.0/m.0.1/attn/qkv/conv/Conv	dense_conv_outside_resident_region	stable-selected	50	924.0563000000001	18.217146665228594	1.9714325485610122	907.556	915.0554999999999	950.7643	953.7371	973.85492	975.086192	975.223	0.38539060438592826	182	model.22	1x128x20x20	1x256x20x20	NCHWc8_SPATIAL_INNER_V1	13107200	51200	102400	153600	full_executor:conv_dense	4	no	no	not-applicable
183	-1	split	full_executor	/model.22/m.0/m.0.1/attn/Split	split_reshape_transpose	measured-reference	50	355.83783999999997	15.067730636871167	4.234437415894602	347.005	348.2765	383.31370000000004	386.12855	392.88775	397.793875	398.339	0.1484071481585951	183	model.22	1x256x20x20	1x2x32x400	ROW_MAJOR_U8_V1	0	102400	25600	128000	full_executor:split	1	yes-reference	yes	view/alias where lifetime and physical layout permit
184	-1	split	full_executor	/model.22/m.0/m.0.1/attn/Split	split_reshape_transpose	measured-reference	50	703.96398	22.104636471342477	3.1400237937376394	692.052	693.4480000000001	729.3774000000001	734.1361499999999	788.06241	793.041741	793.595	0.2935980239711839	184	model.22	1x256x20x20	1x2x64x400	ROW_MAJOR_U8_V1	0	102400	51200	153600	full_executor:split	1	yes-reference	yes	view/alias where lifetime and physical layout permit
185	-1	reshape_split_transpose	full_executor	/model.22/m.0/m.0.1/attn/Transpose	split_reshape_transpose	measured-direct	50	357.68874000000005	12.107081983513206	3.3848093690377854	350.755	353.443	384.0432	389.5329	393.84774999999996	396.989875	397.339	0.14917909189152345	185	model.22	1x256x20x20	1x2x400x32	ROW_MAJOR_U8_V1	0	102400	25600	128000	full_executor:reshape_split_transpose	1	no	yes	view/alias where lifetime and physical layout permit
186	-1	reshape	full_executor	/model.22/m.0/m.0.1/attn/Reshape_2	split_reshape_transpose	measured-reference	50	27.03044	2.5484622266803028	9.428119655766992	23.209	26.3545	30.009	30.83765	34.201159999999994	35.707616	35.875	0.011273423067855896	186	model.22	1x2x64x400	1x128x20x20	ROW_MAJOR_U8_V1	0	51200	51200	102400	full_executor:reshape	1	yes-reference	yes	view/alias where lifetime and physical layout permit
187	-1	matmul	full_executor	/model.22/m.0/m.0.1/attn/MatMul	attention_matmul	stable-selected	50	3050.55494	20.487015718184583	0.6715832404639329	3017.879	3054.212	3070.6834999999996	3074.41705	3104.3841799999996	3126.6185179999998	3129.089	1.2722766048335787	187	model.22	1x2x400x32,1x2x32x400	1x2x400x400	ROW_MAJOR_U8_V1	10240000	51200	320000	371200	full_executor:matmul	4	no	no	not-applicable
188	-1	conv_grouped	full_executor	/model.22/m.0/m.0.1/attn/pe/conv/Conv	grouped_depthwise	stable-selected	50	5712.89664	279.0932727544068	4.885319835830372	5641.585	5669.106	5699.406800000001	5702.9478	6753.730929999997	7547.7262930000015	7635.948	2.3826434481145125	188	model.22	1x128x20x20	1x128x20x20	NCHWc8_SPATIAL_INNER_V1	460800	51200	51200	102400	full_executor:conv_grouped	4	no	no	not-applicable
189	-1	softmax_transpose	full_executor	/model.22/m.0/m.0.1/attn/Transpose_1	attention_softmax_transpose	stable-selected	50	4080.71126	38.169641057275214	0.9353673569463774	4045.977	4074.4155	4106.1822	4121.201550000001	4219.7386	4292.70646	4300.814	1.7019177065465196	189	model.22	1x2x400x400	1x2x400x400	ROW_MAJOR_U8_V1	0	320000	320000	640000	full_executor:softmax_transpose	1	no	yes	not-applicable
190	-1	matmul	full_executor	/model.22/m.0/m.0.1/attn/MatMul_1	attention_matmul	stable-selected	50	3638.4021999999995	185.4438087878781	5.096847423516788	3207.34	3643.7005	3866.7205	3878.73285	3918.9985899999997	3941.1407590000003	3943.601	1.5174465266424682	190	model.22	1x2x64x400,1x2x400x400	1x2x64x400	ROW_MAJOR_U8_V1	20480000	371200	51200	422400	full_executor:matmul	4	no	no	not-applicable
191	-1	lut2	full_executor	/model.22/m.0/m.0.1/attn/Add_output_0_QuantizeLinear	lut2_add	stable-selected	50	1823.86152	20.70485998872375	1.1352210549803008	1803.777	1821.861	1838.994	1846.7219	1897.8445199999999	1935.6611520000001	1939.863	0.7606669566659928	191	model.22	1x2x64x400,1x128x20x20	1x128x20x20	NCHWc8_SPATIAL_INNER_V1	0	102400	51200	153600	full_executor:lut2	4	no	yes	not-applicable
192	-1	conv_dense	full_executor	/model.22/m.0/m.0.1/attn/proj/conv/Conv	dense_conv_outside_resident_region	stable-selected	50	446.24752	10.789816633724033	2.4178995176766547	436.59	442.21500000000003	464.7776	467.7782	477.34833999999995	483.228634	483.882	0.1861137697329931	192	model.22	1x128x20x20	1x128x20x20	NCHWc8_SPATIAL_INNER_V1	6553600	51200	51200	102400	full_executor:conv_dense	4	no	no	not-applicable
193	-1	lut2	full_executor	/model.22/m.0/m.0.1/Add_output_0_QuantizeLinear	lut2_add	stable-selected	50	256.47552	10.199236870692333	3.97669020056664	249.004	252.1915	278.7748	281.86025	285.73667	286.802567	286.921	0.106966702854572	193	model.22	1x128x20x20,1x128x20x20	1x128x20x20	NCHWc8_SPATIAL_INNER_V1	0	102400	51200	153600	full_executor:lut2	4	no	yes	not-applicable
194	-1	conv_dense	full_executor	/model.22/m.0/m.0.1/ffn/ffn.0/conv/Conv	dense_conv_outside_resident_region	stable-selected	50	950.74926	61.30681475547096	6.448263210372729	920.764	934.181	960.9319	995.5652499999999	1197.1272099999994	1330.605121	1345.436	0.39652327669956255	194	model.22	1x128x20x20	1x256x20x20	NCHWc8_SPATIAL_INNER_V1	13107200	51200	102400	153600	full_executor:conv_dense	4	no	no	not-applicable
195	-1	lut1	full_executor	/model.22/m.0/m.0.1/ffn/ffn.0/act/Mul_output_0_QuantizeLinear	lut1	measured-direct	50	46.59232	4.22201837523433	9.061618685728314	41.501	45.501	53.10900000000001	55.2003	58.945829999999994	60.19518300000001	60.334	0.019431978727424477	195	model.22	1x256x20x20	1x256x20x20	NCHWc8_SPATIAL_INNER_V1	0	102400	102400	204800	full_executor:lut1	1	no	yes	Conv-to-LUT eligible; complete-model fusion arm rejected
196	-1	conv_dense	full_executor	/model.22/m.0/m.0.1/ffn/ffn.1/conv/Conv	dense_conv_outside_resident_region	stable-selected	50	546.01316	7.996309256712097	1.4644902069232355	537.883	544.3209999999999	552.4328	565.49025	574.5789199999999	574.928192	574.967	0.22772242528412015	196	model.22	1x256x20x20	1x128x20x20	NCHWc8_SPATIAL_INNER_V1	13107200	102400	51200	153600	full_executor:conv_dense	4	no	no	not-applicable
197	-1	lut2	full_executor	/model.22/m.0/m.0.1/Add_1_output_0@/model.22/Concat_output_0_QuantizeLinear_Output	lut2_add	stable-selected	50	242.63358	6.306696169556776	2.5992676568333106	238.254	241.587	242.97029999999998	243.75359999999998	272.78159	273.094259	273.129	0.10119372817491906	197	model.22	1x128x20x20,1x128x20x20	1x128x20x20	NCHWc8_SPATIAL_INNER_V1	0	102400	51200	153600	full_executor:lut2	4	no	yes	not-applicable
198	-1	concat	full_executor	/model.22/Concat	concat_resize	measured-direct	50	97.93902	2.851473693387619	2.911478686827394	88.96	97.7305	101.235	102.8183	104.08749999999999	104.19775	104.21	0.04084683813179512	198	model.22	1x256x20x20,1x128x20x20,1x128x20x20	1x384x20x20	NCHWc8_SPATIAL_INNER_V1	0	204800	153600	358400	full_executor:concat	1	no	yes	producer-direct where quantization domains permit
199	-1	conv_dense	full_executor	/model.22/cv2/conv/Conv	dense_conv_outside_resident_region	stable-selected	50	1215.48156	22.773686112471722	1.8736348507394651	1154.267	1214.122	1250.2931	1254.7187	1267.076	1267.7375	1267.811	0.5069335851379952	199	model.22	1x384x20x20	1x256x20x20	NCHWc8_SPATIAL_INNER_V1	39321600	153600	102400	256000	full_executor:conv_dense	4	no	no	not-applicable
200	-1	lut1	full_executor	/model.22/cv2/act/Mul_output_0_QuantizeLinear	lut1	measured-direct	50	42.79402	6.382267684413605	14.91392415205116	39.084	41.917500000000004	44.2801	44.6984	65.80458999999992	83.75725900000002	85.752	0.017847844586854178	200	model.22	1x256x20x20	1x256x20x20	NCHWc8_SPATIAL_INNER_V1	0	102400	102400	204800	full_executor:lut1	1	no	yes	Conv-to-LUT eligible; complete-model fusion arm rejected
201	-1	conv_dense	full_executor	/model.23/one2one_cv2.2/one2one_cv2.2.0/conv/Conv	dense_conv_outside_resident_region	stable-selected	50	674.46176	22.247458717116345	3.2985500493187847	640.176	669.1355000000001	701.7768	711.0902	734.79167	739.826567	740.386	0.28129371048235574	201	model.23	1x256x20x20	1x16x20x20	NCHWc8_SPATIAL_INNER_V1	14745600	102400	6400	108800	full_executor:conv_dense	4	no	no	not-applicable
202	-1	conv_grouped	full_executor	/model.23/one2one_cv3.2/one2one_cv3.2.0/one2one_cv3.2.0.0/conv/Conv	grouped_depthwise	stable-selected	50	811.1922999999999	40.03367418747598	4.935164471787514	786.262	794.3454999999999	832.4341	838.3938499999999	955.4763599999997	1043.824536	1053.641	0.3383190945943566	202	model.23	1x256x20x20	1x256x20x20	NCHWc8_SPATIAL_INNER_V1	921600	102400	102400	204800	full_executor:conv_grouped	4	no	no	not-applicable
203	-1	lut1	full_executor	/model.23/one2one_cv2.2/one2one_cv2.2.0/act/Mul_output_0_QuantizeLinear	lut1	measured-direct	50	9.3809	1.0153987906638615	10.824108461489425	7.75	9.125	10.8506	11.08765	11.52259	11.614759	11.625	0.00391243555255665	203	model.23	1x16x20x20	1x16x20x20	NCHWc8_SPATIAL_INNER_V1	0	6400	6400	12800	full_executor:lut1	1	no	yes	Conv-to-LUT eligible; complete-model fusion arm rejected
204	-1	lut1	full_executor	/model.23/one2one_cv3.2/one2one_cv3.2.0/one2one_cv3.2.0.0/act/Mul_output_0_QuantizeLinear	lut1	measured-direct	50	33.61298	0.30290555475600117	0.9011565019108724	33.042	33.542	34.0	34.167	34.44125	34.606625	34.625	0.014018763442673478	204	model.23	1x256x20x20	1x256x20x20	NCHWc8_SPATIAL_INNER_V1	0	102400	102400	204800	full_executor:lut1	1	no	yes	Conv-to-LUT eligible; complete-model fusion arm rejected
205	-1	conv_dense	full_executor	/model.23/one2one_cv2.2/one2one_cv2.2.1/conv/Conv	dense_conv_outside_resident_region	stable-selected	50	85.85126	6.959317914061664	8.106250175083819	82.71	84.4385	85.86829999999999	87.04925	119.27732999999999	120.41643300000001	120.543	0.03580546875627975	205	model.23	1x16x20x20	1x16x20x20	NCHWc8_SPATIAL_INNER_V1	921600	6400	6400	12800	full_executor:conv_dense	4	no	no	not-applicable
206	-1	conv_dense	full_executor	/model.23/one2one_cv3.2/one2one_cv3.2.0/one2one_cv3.2.0.1/conv/Conv	dense_conv_outside_resident_region	stable-selected	50	361.88376000000005	8.125498875886992	2.2453339370318774	348.297	360.672	366.2639	369.35515	396.15733	397.296433	397.423	0.15092868365688564	206	model.23	1x256x20x20	1x80x20x20	NCHWc8_SPATIAL_INNER_V1	8192000	102400	32000	134400	full_executor:conv_dense	4	no	no	not-applicable
207	-1	lut1	full_executor	/model.23/one2one_cv2.2/one2one_cv2.2.1/act/Mul_output_0_QuantizeLinear	lut1	measured-direct	50	7.705979999999999	0.4944521391997244	6.416473170183733	6.875	7.625	8.25	8.516699999999998	9.236589999999998	9.549259	9.584	0.003213886740002611	207	model.23	1x16x20x20	1x16x20x20	NCHWc8_SPATIAL_INNER_V1	0	6400	6400	12800	full_executor:lut1	1	no	yes	Conv-to-LUT eligible; complete-model fusion arm rejected
208	-1	lut1	full_executor	/model.23/one2one_cv3.2/one2one_cv3.2.0/one2one_cv3.2.0.1/act/Mul_output_0_QuantizeLinear	lut1	measured-direct	50	16.25024	0.5926110181016805	3.646783174289613	14.834	16.2295	17.0084	17.3833	17.753339999999998	17.900634	17.917	0.006777389878751313	208	model.23	1x80x20x20	1x80x20x20	NCHWc8_SPATIAL_INNER_V1	0	32000	32000	64000	full_executor:lut1	1	no	yes	Conv-to-LUT eligible; complete-model fusion arm rejected
209	-1	conv_dense	full_executor	/model.23/one2one_cv2.2/one2one_cv2.2.2/Conv	dense_conv_outside_resident_region	stable-selected	50	19.29356	0.46197831736379774	2.3944690215999422	17.833	19.292	19.9253	20.06875	20.23159	20.323759	20.334	0.00804664905066517	209	model.23	1x16x20x20	1x4x20x20	NCHWc8_SPATIAL_INNER_V1	25600	6400	3200	9600	full_executor:conv_dense	4	no	no	not-applicable
210	-1	conv_grouped	full_executor	/model.23/one2one_cv3.2/one2one_cv3.2.1/one2one_cv3.2.1.0/conv/Conv	grouped_depthwise	stable-selected	50	249.35886	5.339646365306471	2.141350167107145	247.087	248.358	250.30749999999998	250.72915	268.8679199999999	283.990692	285.671	0.10399860026319398	210	model.23	1x80x20x20	1x80x20x20	NCHWc8_SPATIAL_INNER_V1	288000	32000	32000	64000	full_executor:conv_grouped	4	no	no	not-applicable
211	-1	lut1	full_executor	/model.23/one2one_cv3.2/one2one_cv3.2.1/one2one_cv3.2.1.0/act/Mul_output_0_QuantizeLinear	lut1	measured-direct	50	12.23018	0.8055421470117159	6.586510967227922	11.376	12.083	12.65	14.090099999999998	15.138339999999998	15.726634	15.792	0.0051007676284969775	211	model.23	1x80x20x20	1x80x20x20	NCHWc8_SPATIAL_INNER_V1	0	32000	32000	64000	full_executor:lut1	1	no	yes	Conv-to-LUT eligible; complete-model fusion arm rejected
212	-1	conv_dense	full_executor	/model.23/one2one_cv3.2/one2one_cv3.2.1/one2one_cv3.2.1.1/conv/Conv	dense_conv_outside_resident_region	stable-selected	50	262.92554	21.26021844226096	8.086022545493664	255.128	258.06600000000003	260.0627	294.3562	347.3866799999998	391.78126800000007	396.714	0.10965677390987599	212	model.23	1x80x20x20	1x80x20x20	NCHWc8_SPATIAL_INNER_V1	2560000	32000	32000	64000	full_executor:conv_dense	4	no	no	not-applicable
213	-1	lut1	full_executor	/model.23/one2one_cv3.2/one2one_cv3.2.1/one2one_cv3.2.1.1/act/Mul_output_0_QuantizeLinear	lut1	measured-direct	50	17.66852	0.8667694239448657	4.905727383758603	16.001	17.7085	18.630100000000002	19.01295	19.31459	19.406759	19.417	0.007368903389766252	213	model.23	1x80x20x20	1x80x20x20	NCHWc8_SPATIAL_INNER_V1	0	32000	32000	64000	full_executor:lut1	1	no	yes	Conv-to-LUT eligible; complete-model fusion arm rejected
214	-1	conv_dense	full_executor	/model.23/one2one_cv3.2/one2one_cv3.2.2/Conv	dense_conv_outside_resident_region	stable-selected	50	268.83148	1.5521246168147875	0.5773596964220067	265.045	268.733	270.5004	271.29205	272.63201	272.742701	272.755	0.11211992879131234	214	model.23	1x80x20x20	1x80x20x20	NCHWc8_SPATIAL_INNER_V1	2560000	32000	32000	64000	full_executor:conv_dense	4	no	no	not-applicable
-1	-1	head_decode	full_executor	final_head_decode	head_decode_selection	stable-selected	50	7994.50762	37.65507500874047	0.47101180958960004	7918.827	7990.308	8044.0624	8063.4039999999995	8091.3836	8094.67346	8095.039	3.334221219464343	composite-range	executor	not-applicable	not-applicable	range-defined	0	0	0	0	full_executor:head_decode	1	no	no	not-applicable
