surface	record	repeat	run	wall_us	process_cpu_us	mean_us	stddev_us	p95_us
S0	raw	0	0	4849.28	18784.7	NA	NA	NA
S0	raw	0	1	4873.11	18967.7	NA	NA	NA
S0	raw	0	2	8818.5	17755.4	NA	NA	NA
S0	raw	0	3	4843.94	18661.5	NA	NA	NA
S0	raw	0	4	4881.78	19012.2	NA	NA	NA
S0	raw	0	5	4867.11	18799	NA	NA	NA
S0	raw	0	6	8797.46	17737.3	NA	NA	NA
S0	raw	0	7	4842.15	18623.5	NA	NA	NA
S0	raw	0	8	4844.53	18831.3	NA	NA	NA
S0	raw	0	9	5499.03	18959.9	NA	NA	NA
S0	raw	0	10	4835.07	18627.5	NA	NA	NA
S0	raw	0	11	8767.91	17749.6	NA	NA	NA
S0	raw	0	12	4796.82	18806	NA	NA	NA
S0	raw	0	13	4898.32	19017.9	NA	NA	NA
S0	raw	0	14	6700.68	18529	NA	NA	NA
S0	raw	0	15	4939.69	18890.8	NA	NA	NA
S0	raw	0	16	4915.03	18841.5	NA	NA	NA
S0	raw	0	17	4850.65	18871.6	NA	NA	NA
S0	raw	0	18	4849.69	18914.3	NA	NA	NA
S0	raw	0	19	8768.16	17650.3	NA	NA	NA
S0	raw	0	20	4865.03	18895.5	NA	NA	NA
S0	raw	0	21	4811.61	18733.8	NA	NA	NA
S0	raw	0	22	8911.5	17833.5	NA	NA	NA
S0	raw	0	23	4882.23	18876	NA	NA	NA
S0	raw	0	24	4791.07	18544	NA	NA	NA
S0	raw	0	25	6664.55	18494.8	NA	NA	NA
S0	raw	0	26	4885.65	18932	NA	NA	NA
S0	raw	0	27	6214	18383.2	NA	NA	NA
S0	raw	0	28	4963.53	19278.4	NA	NA	NA
S0	raw	0	29	6209.05	18352.7	NA	NA	NA
S0	raw	0	30	4832.61	18856	NA	NA	NA
S0	raw	0	31	6449.09	18619.1	NA	NA	NA
S0	raw	0	32	4802.27	18706	NA	NA	NA
S0	raw	0	33	6341.63	18573.8	NA	NA	NA
S0	raw	0	34	4773.07	18608.3	NA	NA	NA
S0	raw	0	35	6361.17	18313.6	NA	NA	NA
S0	raw	0	36	4796.57	18711.4	NA	NA	NA
S0	raw	0	37	6342.63	18281.9	NA	NA	NA
S0	raw	0	38	4914.19	19091.4	NA	NA	NA
S0	raw	0	39	6305.84	18337.9	NA	NA	NA
S0	raw	0	40	4854.9	18946.1	NA	NA	NA
S0	raw	0	41	6392.63	18685.9	NA	NA	NA
S0	raw	0	42	4766.15	18543.4	NA	NA	NA
S0	raw	0	43	6300.42	18374.4	NA	NA	NA
S0	raw	0	44	4869.69	18881.4	NA	NA	NA
S0	raw	0	45	6289.96	18326.8	NA	NA	NA
S0	raw	0	46	4827.94	18720.5	NA	NA	NA
S0	raw	0	47	6419.55	18352.1	NA	NA	NA
S0	raw	0	48	4853.61	18824.7	NA	NA	NA
S0	raw	0	49	6421.26	18593.5	NA	NA	NA
S0	raw	0	50	4892.86	18970.4	NA	NA	NA
S0	raw	0	51	4888.82	19064.9	NA	NA	NA
S0	raw	0	52	4957.65	19322.5	NA	NA	NA
S0	raw	0	53	7483.1	19639.9	NA	NA	NA
S0	raw	0	54	6014.5	20019.3	NA	NA	NA
S0	raw	0	55	4770.82	18638.7	NA	NA	NA
S0	raw	0	56	7845.23	18344.6	NA	NA	NA
S0	raw	0	57	4904.44	19046.1	NA	NA	NA
S0	raw	0	58	8841.12	17921.4	NA	NA	NA
S0	raw	0	59	4922.11	19103	NA	NA	NA
S0	raw	0	60	4786.23	18681.9	NA	NA	NA
S0	raw	0	61	6379.05	18424.2	NA	NA	NA
S0	raw	0	62	4730.94	18404	NA	NA	NA
S0	raw	0	63	6441.84	18401.7	NA	NA	NA
S0	raw	0	64	4825.28	18848	NA	NA	NA
S0	raw	0	65	6389.09	18593.9	NA	NA	NA
S0	raw	0	66	4873.03	18907.9	NA	NA	NA
S0	raw	0	67	8771.75	17680.7	NA	NA	NA
S0	raw	0	68	4775.36	18655.5	NA	NA	NA
S0	raw	0	69	4878.69	18986	NA	NA	NA
S0	raw	0	70	6517.18	18409.2	NA	NA	NA
S0	raw	0	71	4876.23	18957.3	NA	NA	NA
S0	raw	0	72	6452.55	18667.3	NA	NA	NA
S0	raw	0	73	4866.19	18813.2	NA	NA	NA
S0	raw	0	74	4804.98	18826.9	NA	NA	NA
S0	raw	0	75	4943.19	19226.5	NA	NA	NA
S0	raw	0	76	4875.94	18916.9	NA	NA	NA
S0	raw	0	77	6438.09	18364.1	NA	NA	NA
S0	raw	0	78	4919.69	18731.7	NA	NA	NA
S0	raw	0	79	4858.69	18812.4	NA	NA	NA
S0	raw	0	80	4951.36	19149.7	NA	NA	NA
S0	raw	0	81	7407.19	18134.5	NA	NA	NA
S0	raw	0	82	4873.98	18763.5	NA	NA	NA
S0	raw	0	83	6441.8	18611.7	NA	NA	NA
S0	raw	0	84	4752.4	18634.6	NA	NA	NA
S0	raw	0	85	4761.27	18632.4	NA	NA	NA
S0	raw	0	86	4973.32	19059	NA	NA	NA
S0	raw	0	87	7724.07	18172	NA	NA	NA
S0	raw	0	88	4814.9	18735.3	NA	NA	NA
S0	raw	0	89	6482.05	18422	NA	NA	NA
S0	raw	0	90	4756.36	18546	NA	NA	NA
S0	raw	0	91	6483.59	18601.4	NA	NA	NA
S0	raw	0	92	4910.86	19062.6	NA	NA	NA
S0	raw	0	93	6384.8	18708	NA	NA	NA
S0	raw	0	94	4795.23	18449.2	NA	NA	NA
S0	raw	0	95	4828.57	18702.9	NA	NA	NA
S0	raw	0	96	5006.24	19102	NA	NA	NA
S0	raw	0	97	5002.03	19045.2	NA	NA	NA
S0	raw	0	98	4825.53	18614.8	NA	NA	NA
S0	raw	0	99	4942.86	18760.1	NA	NA	NA
S0	repeat_summary	0				5635.95	1186.88	8768.34
S0	raw	1	0	4791.61	18555.2	NA	NA	NA
S0	raw	1	1	4838.98	18511.6	NA	NA	NA
S0	raw	1	2	4821.82	18471.9	NA	NA	NA
S0	raw	1	3	4783.94	18641	NA	NA	NA
S0	raw	1	4	4880.48	18806.7	NA	NA	NA
S0	raw	1	5	4845.11	18948.3	NA	NA	NA
S0	raw	1	6	4838.94	18843.2	NA	NA	NA
S0	raw	1	7	6962.39	18838.7	NA	NA	NA
S0	raw	1	8	4894.57	18724	NA	NA	NA
S0	raw	1	9	4866.9	18857.1	NA	NA	NA
S0	raw	1	10	4867.78	18963.8	NA	NA	NA
S0	raw	1	11	4845.07	18846.1	NA	NA	NA
S0	raw	1	12	6200.75	18493.5	NA	NA	NA
S0	raw	1	13	4917.28	19078.2	NA	NA	NA
S0	raw	1	14	6173.17	18469.3	NA	NA	NA
S0	raw	1	15	4761.77	18541.9	NA	NA	NA
S0	raw	1	16	6470.72	18741.8	NA	NA	NA
S0	raw	1	17	4883.61	18943	NA	NA	NA
S0	raw	1	18	6246.84	18438.4	NA	NA	NA
S0	raw	1	19	4807.32	18694.6	NA	NA	NA
S0	raw	1	20	6469.42	18727.5	NA	NA	NA
S0	raw	1	21	4915.4	18929.6	NA	NA	NA
S0	raw	1	22	6277.8	18437.2	NA	NA	NA
S0	raw	1	23	4800.52	18586.3	NA	NA	NA
S0	raw	1	24	4872.94	19093.8	NA	NA	NA
S0	raw	1	25	4846.4	18907.3	NA	NA	NA
S0	raw	1	26	7624.65	18013.5	NA	NA	NA
S0	raw	1	27	4881.73	18943	NA	NA	NA
S0	raw	1	28	6315.05	18246.8	NA	NA	NA
S0	raw	1	29	4839.9	18833.8	NA	NA	NA
S0	raw	1	30	6387.55	18449.7	NA	NA	NA
S0	raw	1	31	4885.65	18931	NA	NA	NA
S0	raw	1	32	6370.8	18569.7	NA	NA	NA
S0	raw	1	33	4832.94	18838.7	NA	NA	NA
S0	raw	1	34	6226.42	18357.7	NA	NA	NA
S0	raw	1	35	4849.78	18817	NA	NA	NA
S0	raw	1	36	6399.42	18569	NA	NA	NA
S0	raw	1	37	4843.86	18827.2	NA	NA	NA
S0	raw	1	38	6402.05	18914.9	NA	NA	NA
S0	raw	1	39	4827.48	18778	NA	NA	NA
S0	raw	1	40	6252.17	18583.8	NA	NA	NA
S0	raw	1	41	4727.86	18529.2	NA	NA	NA
S0	raw	1	42	6321.46	18244.4	NA	NA	NA
S0	raw	1	43	4836.28	18811.8	NA	NA	NA
S0	raw	1	44	6537.05	18808.7	NA	NA	NA
S0	raw	1	45	4894.15	19032.4	NA	NA	NA
S0	raw	1	46	6288.05	18492.9	NA	NA	NA
S0	raw	1	47	4924.99	19028.4	NA	NA	NA
S0	raw	1	48	4742.9	18591.8	NA	NA	NA
S0	raw	1	49	4767.4	18599.5	NA	NA	NA
S0	raw	1	50	7760.9	18155.6	NA	NA	NA
S0	raw	1	51	4813.28	18562.9	NA	NA	NA
S0	raw	1	52	6595.38	18722.6	NA	NA	NA
S0	raw	1	53	4882.9	18866.2	NA	NA	NA
S0	raw	1	54	4837.61	18760.9	NA	NA	NA
S0	raw	1	55	4884.23	18685.6	NA	NA	NA
S0	raw	1	56	4894.86	19070.2	NA	NA	NA
S0	raw	1	57	4774.94	18512.4	NA	NA	NA
S0	raw	1	58	4986.44	19341.8	NA	NA	NA
S0	raw	1	59	7644.56	18340.1	NA	NA	NA
S0	raw	1	60	4905.19	19003.6	NA	NA	NA
S0	raw	1	61	6518.88	18803.5	NA	NA	NA
S0	raw	1	62	4778.36	18562.5	NA	NA	NA
S0	raw	1	63	6288.13	18466.9	NA	NA	NA
S0	raw	1	64	4901.82	18991.6	NA	NA	NA
S0	raw	1	65	6353.17	18791.9	NA	NA	NA
S0	raw	1	66	4777.61	18512.6	NA	NA	NA
S0	raw	1	67	6313.13	18653.7	NA	NA	NA
S0	raw	1	68	4858.73	18728.4	NA	NA	NA
S0	raw	1	69	6318.38	18588.7	NA	NA	NA
S0	raw	1	70	4816.07	18779.1	NA	NA	NA
S0	raw	1	71	6308.71	18309.3	NA	NA	NA
S0	raw	1	72	4900.36	18965.9	NA	NA	NA
S0	raw	1	73	8821.42	17770.7	NA	NA	NA
S0	raw	1	74	4890.61	18914.1	NA	NA	NA
S0	raw	1	75	4904.78	19020.4	NA	NA	NA
S0	raw	1	76	6514.84	18599.7	NA	NA	NA
S0	raw	1	77	4746.73	18473.6	NA	NA	NA
S0	raw	1	78	6467.38	18898.5	NA	NA	NA
S0	raw	1	79	4861.73	19004.2	NA	NA	NA
S0	raw	1	80	6199.25	18684	NA	NA	NA
S0	raw	1	81	4908.48	19049.2	NA	NA	NA
S0	raw	1	82	6494.26	18983.6	NA	NA	NA
S0	raw	1	83	4901.57	18945.1	NA	NA	NA
S0	raw	1	84	4775.15	18674.3	NA	NA	NA
S0	raw	1	85	4780.57	18587.5	NA	NA	NA
S0	raw	1	86	4800.98	18753	NA	NA	NA
S0	raw	1	87	6527.63	18632.9	NA	NA	NA
S0	raw	1	88	4858.48	18809.3	NA	NA	NA
S0	raw	1	89	8798.12	17737.1	NA	NA	NA
S0	raw	1	90	4855.19	18831.3	NA	NA	NA
S0	raw	1	91	4843.69	18789.8	NA	NA	NA
S0	raw	1	92	6570.26	18487.7	NA	NA	NA
S0	raw	1	93	4870.11	18918.1	NA	NA	NA
S0	raw	1	94	6338.51	18408.5	NA	NA	NA
S0	raw	1	95	4887.98	18960	NA	NA	NA
S0	raw	1	96	4810.61	18829.8	NA	NA	NA
S0	raw	1	97	4856.53	18881.9	NA	NA	NA
S0	raw	1	98	7716.19	18154.8	NA	NA	NA
S0	raw	1	99	4841.82	18631.5	NA	NA	NA
S0	repeat_summary	1				5518.18	971.367	7625.64
S0	raw	2	0	6353.88	18382.5	NA	NA	NA
S0	raw	2	1	4754.19	18505.2	NA	NA	NA
S0	raw	2	2	6457.01	18538.2	NA	NA	NA
S0	raw	2	3	4964.03	19173.6	NA	NA	NA
S0	raw	2	4	4866.23	18814.9	NA	NA	NA
S0	raw	2	5	5005.78	19385.8	NA	NA	NA
S0	raw	2	6	4885.23	18954.5	NA	NA	NA
S0	raw	2	7	4837.32	18708.7	NA	NA	NA
S0	raw	2	8	4780.94	18675.3	NA	NA	NA
S0	raw	2	9	4846.69	18863.4	NA	NA	NA
S0	raw	2	10	4769.32	18438.2	NA	NA	NA
S0	raw	2	11	4905.74	19130	NA	NA	NA
S0	raw	2	12	7784.52	18334	NA	NA	NA
S0	raw	2	13	4855.57	18998.6	NA	NA	NA
S0	raw	2	14	4889.86	18963.3	NA	NA	NA
S0	raw	2	15	8821.96	17784.7	NA	NA	NA
S0	raw	2	16	4904.86	19003	NA	NA	NA
S0	raw	2	17	4788.69	18630.1	NA	NA	NA
S0	raw	2	18	8847.92	17951.1	NA	NA	NA
S0	raw	2	19	4890.36	18709	NA	NA	NA
S0	raw	2	20	4919.44	19121.8	NA	NA	NA
S0	raw	2	21	5722.12	18951.2	NA	NA	NA
S0	raw	2	22	4836.86	18760.8	NA	NA	NA
S0	raw	2	23	4846.98	18901.7	NA	NA	NA
S0	raw	2	24	4792.23	18669.6	NA	NA	NA
S0	raw	2	25	7568.06	18007.2	NA	NA	NA
S0	raw	2	26	4869.53	18825.9	NA	NA	NA
S0	raw	2	27	4879.07	18925.9	NA	NA	NA
S0	raw	2	28	4783.27	18712.5	NA	NA	NA
S0	raw	2	29	4907.69	19000.5	NA	NA	NA
S0	raw	2	30	6745.89	18359.7	NA	NA	NA
S0	raw	2	31	4972.69	18974.5	NA	NA	NA
S0	raw	2	32	4966.82	18971.3	NA	NA	NA
S0	raw	2	33	4837.11	18778.8	NA	NA	NA
S0	raw	2	34	4772.73	18615.5	NA	NA	NA
S0	raw	2	35	6259.13	18673	NA	NA	NA
S0	raw	2	36	4822.48	18844.7	NA	NA	NA
S0	raw	2	37	6253.88	18483.2	NA	NA	NA
S0	raw	2	38	4860.03	18821.3	NA	NA	NA
S0	raw	2	39	6345.63	18489.5	NA	NA	NA
S0	raw	2	40	4874.23	18837.3	NA	NA	NA
S0	raw	2	41	6281.76	18454.1	NA	NA	NA
S0	raw	2	42	4927.69	18858.5	NA	NA	NA
S0	raw	2	43	6228	18430.5	NA	NA	NA
S0	raw	2	44	4750.73	18555.8	NA	NA	NA
S0	raw	2	45	6495.17	18691.3	NA	NA	NA
S0	raw	2	46	4967.03	19119.4	NA	NA	NA
S0	raw	2	47	6265.5	18749.4	NA	NA	NA
S0	raw	2	48	4831.78	18888.4	NA	NA	NA
S0	raw	2	49	6379.84	18619	NA	NA	NA
S0	raw	2	50	4887.07	18882.6	NA	NA	NA
S0	raw	2	51	4984.03	19413.4	NA	NA	NA
S0	raw	2	52	4771.11	18816.9	NA	NA	NA
S0	raw	2	53	4802.9	18756	NA	NA	NA
S0	raw	2	54	4815.86	18785.6	NA	NA	NA
S0	raw	2	55	4854.4	18880.5	NA	NA	NA
S0	raw	2	56	7878.9	18367.8	NA	NA	NA
S0	raw	2	57	4867.78	18987.4	NA	NA	NA
S0	raw	2	58	4896.53	19009.9	NA	NA	NA
S0	raw	2	59	8835.29	17976.9	NA	NA	NA
S0	raw	2	60	4875.94	18928.7	NA	NA	NA
S0	raw	2	61	6364.21	18287.7	NA	NA	NA
S0	raw	2	62	4811.94	18695.7	NA	NA	NA
S0	raw	2	63	6404.09	18374.3	NA	NA	NA
S0	raw	2	64	4853.98	18740.1	NA	NA	NA
S0	raw	2	65	6273.67	18373.8	NA	NA	NA
S0	raw	2	66	4808.9	18638.5	NA	NA	NA
S0	raw	2	67	6502.26	18841.7	NA	NA	NA
S0	raw	2	68	4919.4	19114.2	NA	NA	NA
S0	raw	2	69	6221.63	18698.1	NA	NA	NA
S0	raw	2	70	4877.53	18943	NA	NA	NA
S0	raw	2	71	6256.71	18433.8	NA	NA	NA
S0	raw	2	72	4961.4	19140.1	NA	NA	NA
S0	raw	2	73	6199.96	18584.2	NA	NA	NA
S0	raw	2	74	4788.57	18633.3	NA	NA	NA
S0	raw	2	75	6383.26	18746	NA	NA	NA
S0	raw	2	76	4970.61	19040.6	NA	NA	NA
S0	raw	2	77	6159.54	18545.3	NA	NA	NA
S0	raw	2	78	4896.65	18996.8	NA	NA	NA
S0	raw	2	79	6343.55	18774.4	NA	NA	NA
S0	raw	2	80	4907.07	19074.3	NA	NA	NA
S0	raw	2	81	6225.34	18673.6	NA	NA	NA
S0	raw	2	82	4916.78	19025.4	NA	NA	NA
S0	raw	2	83	6198.84	18309.7	NA	NA	NA
S0	raw	2	84	4760.19	18572.3	NA	NA	NA
S0	raw	2	85	6604.64	18747.8	NA	NA	NA
S0	raw	2	86	4784.82	18710.4	NA	NA	NA
S0	raw	2	87	6204.34	18445	NA	NA	NA
S0	raw	2	88	4855.73	18841.1	NA	NA	NA
S0	raw	2	89	6447.47	18881	NA	NA	NA
S0	raw	2	90	4783.78	18615.2	NA	NA	NA
S0	raw	2	91	6268.26	18320.8	NA	NA	NA
S0	raw	2	92	4813.4	18617.8	NA	NA	NA
S0	raw	2	93	6457.47	18579.8	NA	NA	NA
S0	raw	2	94	4757.27	18548.2	NA	NA	NA
S0	raw	2	95	6366.42	18535.9	NA	NA	NA
S0	raw	2	96	4833.19	18806	NA	NA	NA
S0	raw	2	97	6294.21	18472.5	NA	NA	NA
S0	raw	2	98	4830.23	18768	NA	NA	NA
S0	raw	2	99	6459.63	18644.1	NA	NA	NA
S0	repeat_summary	2				5534.1	989.155	7578.89
S0	raw	3	0	4845.69	18899.6	NA	NA	NA
S0	raw	3	1	6247.25	18692.2	NA	NA	NA
S0	raw	3	2	4896.82	18994.7	NA	NA	NA
S0	raw	3	3	6318.09	18644.1	NA	NA	NA
S0	raw	3	4	4849.78	18879.6	NA	NA	NA
S0	raw	3	5	6244.42	18316.2	NA	NA	NA
S0	raw	3	6	4812.61	18754.3	NA	NA	NA
S0	raw	3	7	4866.69	18993.8	NA	NA	NA
S0	raw	3	8	4946.99	19224.8	NA	NA	NA
S0	raw	3	9	7748.86	18231.9	NA	NA	NA
S0	raw	3	10	4875.78	19025.4	NA	NA	NA
S0	raw	3	11	6284.5	18368.2	NA	NA	NA
S0	raw	3	12	4848.57	18853.9	NA	NA	NA
S0	raw	3	13	4788.19	18569.5	NA	NA	NA
S0	raw	3	14	4866.9	18897.6	NA	NA	NA
S0	raw	3	15	7795.86	18134.9	NA	NA	NA
S0	raw	3	16	4978.99	19109	NA	NA	NA
S0	raw	3	17	6337.38	18605.9	NA	NA	NA
S0	raw	3	18	4905.36	19088.8	NA	NA	NA
S0	raw	3	19	6286.3	18833	NA	NA	NA
S0	raw	3	20	4890.94	18960.7	NA	NA	NA
S0	raw	3	21	6325.17	18721.1	NA	NA	NA
S0	raw	3	22	4782.52	18660.8	NA	NA	NA
S0	raw	3	23	6330.67	18636.8	NA	NA	NA
S0	raw	3	24	4894.61	19015.8	NA	NA	NA
S0	raw	3	25	6215.8	18317.4	NA	NA	NA
S0	raw	3	26	4827.98	18813.5	NA	NA	NA
S0	raw	3	27	6472.3	18715	NA	NA	NA
S0	raw	3	28	4895.49	19025.8	NA	NA	NA
S0	raw	3	29	6237.34	18698.3	NA	NA	NA
S0	raw	3	30	4902.15	19059.8	NA	NA	NA
S0	raw	3	31	6323.21	18867.5	NA	NA	NA
S0	raw	3	32	4850.32	18808.2	NA	NA	NA
S0	raw	3	33	6382.72	18813.8	NA	NA	NA
S0	raw	3	34	4893.53	19018	NA	NA	NA
S0	raw	3	35	6209.17	18609.5	NA	NA	NA
S0	raw	3	36	4778.23	18654.8	NA	NA	NA
S0	raw	3	37	6311.63	18437.5	NA	NA	NA
S0	raw	3	38	4733.9	18611.6	NA	NA	NA
S0	raw	3	39	4717.86	18570.7	NA	NA	NA
S0	raw	3	40	4851.57	19021	NA	NA	NA
S0	raw	3	41	4927.15	19147	NA	NA	NA
S0	raw	3	42	6723.47	18535.2	NA	NA	NA
S0	raw	3	43	4818.65	18751.2	NA	NA	NA
S0	raw	3	44	6471.13	18968.8	NA	NA	NA
S0	raw	3	45	4854.94	18899.6	NA	NA	NA
S0	raw	3	46	6265.42	18445	NA	NA	NA
S0	raw	3	47	4972.03	18826.1	NA	NA	NA
S0	raw	3	48	4942.49	19109.1	NA	NA	NA
S0	raw	3	49	4738.61	18669.7	NA	NA	NA
S0	raw	3	50	4844.19	18924.8	NA	NA	NA
S0	raw	3	51	6365.38	18624	NA	NA	NA
S0	raw	3	52	4895.65	18836.1	NA	NA	NA
S0	raw	3	53	6200.05	18490.2	NA	NA	NA
S0	raw	3	54	4709.9	18503.5	NA	NA	NA
S0	raw	3	55	4887.78	18760.2	NA	NA	NA
S0	raw	3	56	8862.71	17867.5	NA	NA	NA
S0	raw	3	57	4923.11	19123.4	NA	NA	NA
S0	raw	3	58	4920.9	19142.5	NA	NA	NA
S0	raw	3	59	8960.04	17980.3	NA	NA	NA
S0	raw	3	60	4943.78	19101	NA	NA	NA
S0	raw	3	61	4804.65	18752.7	NA	NA	NA
S0	raw	3	62	5389.7	18974.9	NA	NA	NA
S0	raw	3	63	4866.32	18836	NA	NA	NA
S0	raw	3	64	8848.04	17928.1	NA	NA	NA
S0	raw	3	65	4952.36	19246.8	NA	NA	NA
S0	raw	3	66	4889.11	18991.1	NA	NA	NA
S0	raw	3	67	6239.55	18449.1	NA	NA	NA
S0	raw	3	68	4836.28	18879.5	NA	NA	NA
S0	raw	3	69	6385.92	18698.6	NA	NA	NA
S0	raw	3	70	4826.9	18758.8	NA	NA	NA
S0	raw	3	71	4838.4	18855.5	NA	NA	NA
S0	raw	3	72	4947.32	19234.2	NA	NA	NA
S0	raw	3	73	7606.02	18020.8	NA	NA	NA
S0	raw	3	74	4808.86	18769.4	NA	NA	NA
S0	raw	3	75	6541.97	18703.6	NA	NA	NA
S0	raw	3	76	4850.86	18954.2	NA	NA	NA
S0	raw	3	77	6262.3	18455.3	NA	NA	NA
S0	raw	3	78	4750.32	18498.5	NA	NA	NA
S0	raw	3	79	6430.34	18479.5	NA	NA	NA
S0	raw	3	80	4825.32	18840.6	NA	NA	NA
S0	raw	3	81	6295.67	18226.1	NA	NA	NA
S0	raw	3	82	4881.44	18950.1	NA	NA	NA
S0	raw	3	83	4874.07	19039.8	NA	NA	NA
S0	raw	3	84	4845.78	18629	NA	NA	NA
S0	raw	3	85	7729.19	18112.6	NA	NA	NA
S0	raw	3	86	4842.15	18752.4	NA	NA	NA
S0	raw	3	87	4866.57	18909.3	NA	NA	NA
S0	raw	3	88	4751.19	18652.8	NA	NA	NA
S0	raw	3	89	4775.48	18667.5	NA	NA	NA
S0	raw	3	90	4785.73	18658.2	NA	NA	NA
S0	raw	3	91	5775.79	19109.5	NA	NA	NA
S0	raw	3	92	7529.48	21646.4	NA	NA	NA
S0	raw	3	93	4843.15	18907.5	NA	NA	NA
S0	raw	3	94	8887.71	17808.1	NA	NA	NA
S0	raw	3	95	4888.61	18985.7	NA	NA	NA
S0	raw	3	96	4848.65	18978.1	NA	NA	NA
S0	raw	3	97	6098.96	18311.8	NA	NA	NA
S0	raw	3	98	4804.82	18767	NA	NA	NA
S0	raw	3	99	4909.23	19022.8	NA	NA	NA
S0	repeat_summary	3				5569.34	1074.52	7751.21
S0	raw	4	0	8852.08	17810.2	NA	NA	NA
S0	raw	4	1	4906.32	19008.8	NA	NA	NA
S0	raw	4	2	4782.15	18534.1	NA	NA	NA
S0	raw	4	3	8919.5	17877.9	NA	NA	NA
S0	raw	4	4	4828.32	18733.3	NA	NA	NA
S0	raw	4	5	4838.15	18925.9	NA	NA	NA
S0	raw	4	6	5429.08	18589	NA	NA	NA
S0	raw	4	7	4845.69	18923	NA	NA	NA
S0	raw	4	8	6520.3	18417.1	NA	NA	NA
S0	raw	4	9	4866.69	18877.3	NA	NA	NA
S0	raw	4	10	4764.65	18601.6	NA	NA	NA
S0	raw	4	11	4981.86	19193.6	NA	NA	NA
S0	raw	4	12	7359.73	18085.8	NA	NA	NA
S0	raw	4	13	4849.32	18921	NA	NA	NA
S0	raw	4	14	4942.49	19105.5	NA	NA	NA
S0	raw	4	15	8891.17	18098.8	NA	NA	NA
S0	raw	4	16	4800.19	18631.2	NA	NA	NA
S0	raw	4	17	4769.36	18601.4	NA	NA	NA
S0	raw	4	18	5333.66	18462.2	NA	NA	NA
S0	raw	4	19	4748.9	18655.3	NA	NA	NA
S0	raw	4	20	4912.07	19041.2	NA	NA	NA
S0	raw	4	21	8811.08	17800.3	NA	NA	NA
S0	raw	4	22	4866.61	18870.3	NA	NA	NA
S0	raw	4	23	4901.11	19033.7	NA	NA	NA
S0	raw	4	24	4930.07	19085.2	NA	NA	NA
S0	raw	4	25	7898.28	18205.4	NA	NA	NA
S0	raw	4	26	4823.69	18650.9	NA	NA	NA
S0	raw	4	27	4902.15	19007.6	NA	NA	NA
S0	raw	4	28	8787.16	17826.8	NA	NA	NA
S0	raw	4	29	4929.69	19058.9	NA	NA	NA
S0	raw	4	30	4907.94	18927.8	NA	NA	NA
S0	raw	4	31	5310.91	18656.7	NA	NA	NA
S0	raw	4	32	4911.53	18996.6	NA	NA	NA
S0	raw	4	33	6270.38	18767	NA	NA	NA
S0	raw	4	34	4952.65	19126.9	NA	NA	NA
S0	raw	4	35	6135.46	18517.5	NA	NA	NA
S0	raw	4	36	4770.69	18627.1	NA	NA	NA
S0	raw	4	37	6472.26	18618	NA	NA	NA
S0	raw	4	38	4837.48	18728	NA	NA	NA
S0	raw	4	39	6277.96	18480.8	NA	NA	NA
S0	raw	4	40	4833.19	18854	NA	NA	NA
S0	raw	4	41	6397.26	18545.6	NA	NA	NA
S0	raw	4	42	4859.4	18961	NA	NA	NA
S0	raw	4	43	6316.55	18515	NA	NA	NA
S0	raw	4	44	4791.82	18646.4	NA	NA	NA
S0	raw	4	45	4850.9	18843.5	NA	NA	NA
S0	raw	4	46	8831.21	17774.4	NA	NA	NA
S0	raw	4	47	4869.98	18922.5	NA	NA	NA
S0	raw	4	48	4828.07	18626.1	NA	NA	NA
S0	raw	4	49	4906.28	19026.2	NA	NA	NA
S0	raw	4	50	7966.57	18213.4	NA	NA	NA
S0	raw	4	51	4835.65	18702.4	NA	NA	NA
S0	raw	4	52	6425.05	18520.3	NA	NA	NA
S0	raw	4	53	4951.03	19036.2	NA	NA	NA
S0	raw	4	54	8833.5	17834.7	NA	NA	NA
S0	raw	4	55	4881.73	18994.4	NA	NA	NA
S0	raw	4	56	4803.32	18681.6	NA	NA	NA
S0	raw	4	57	6470.47	18605.9	NA	NA	NA
S0	raw	4	58	4838.78	18830.9	NA	NA	NA
S0	raw	4	59	6372.51	18549.6	NA	NA	NA
S0	raw	4	60	4760.82	18624.6	NA	NA	NA
S0	raw	4	61	4908.74	19089.2	NA	NA	NA
S0	raw	4	62	8860.54	17806.4	NA	NA	NA
S0	raw	4	63	4859.48	18819.9	NA	NA	NA
S0	raw	4	64	4844.36	18820.9	NA	NA	NA
S0	raw	4	65	4866.73	18860	NA	NA	NA
S0	raw	4	66	8010.7	18488.8	NA	NA	NA
S0	raw	4	67	4855.03	18747.1	NA	NA	NA
S0	raw	4	68	4926.61	19136.8	NA	NA	NA
S0	raw	4	69	8819.29	17880.3	NA	NA	NA
S0	raw	4	70	4878.32	18850.5	NA	NA	NA
S0	raw	4	71	8803.37	17748.2	NA	NA	NA
S0	raw	4	72	4959.99	19036.7	NA	NA	NA
S0	raw	4	73	4777.07	18589.9	NA	NA	NA
S0	raw	4	74	6602.51	18319.9	NA	NA	NA
S0	raw	4	75	4808.98	18772.2	NA	NA	NA
S0	raw	4	76	6390.55	18624.9	NA	NA	NA
S0	raw	4	77	4751.07	18645.8	NA	NA	NA
S0	raw	4	78	4767.52	18627.5	NA	NA	NA
S0	raw	4	79	8977.33	18062.6	NA	NA	NA
S0	raw	4	80	4854.44	18841	NA	NA	NA
S0	raw	4	81	6521.59	18392.2	NA	NA	NA
S0	raw	4	82	4880.53	19081.2	NA	NA	NA
S0	raw	4	83	6302.71	18571.5	NA	NA	NA
S0	raw	4	84	4843.78	18901.9	NA	NA	NA
S0	raw	4	85	6388.92	18609	NA	NA	NA
S0	raw	4	86	4880.78	19015.2	NA	NA	NA
S0	raw	4	87	6284.38	18755.5	NA	NA	NA
S0	raw	4	88	4742.32	18537.3	NA	NA	NA
S0	raw	4	89	6457.67	18786	NA	NA	NA
S0	raw	4	90	4881.82	18980.7	NA	NA	NA
S0	raw	4	91	6288.17	18720	NA	NA	NA
S0	raw	4	92	4849.44	18829.9	NA	NA	NA
S0	raw	4	93	6367.59	18988	NA	NA	NA
S0	raw	4	94	4884.11	18970.5	NA	NA	NA
S0	raw	4	95	6207.21	18705.8	NA	NA	NA
S0	raw	4	96	4880.44	18961.9	NA	NA	NA
S0	raw	4	97	6231.34	18312.8	NA	NA	NA
S0	raw	4	98	4879.19	19022.7	NA	NA	NA
S0	raw	4	99	6334.34	18466.1	NA	NA	NA
S0	repeat_summary	4				5760.92	1349.92	8834.43
S1	raw	0	0	4740.48	18565	NA	NA	NA
S1	raw	0	1	4822.02	18934.5	NA	NA	NA
S1	raw	0	2	4883.94	19023.8	NA	NA	NA
S1	raw	0	3	4775.52	18602.6	NA	NA	NA
S1	raw	0	4	4715.06	18478.7	NA	NA	NA
S1	raw	0	5	4769.15	18592.7	NA	NA	NA
S1	raw	0	6	4716.27	18596.9	NA	NA	NA
S1	raw	0	7	4811.98	18881	NA	NA	NA
S1	raw	0	8	4823.57	18901.5	NA	NA	NA
S1	raw	0	9	4798.07	18810.1	NA	NA	NA
S1	raw	0	10	4832.98	18678.6	NA	NA	NA
S1	raw	0	11	4873.28	18922.6	NA	NA	NA
S1	raw	0	12	4889.07	19012.6	NA	NA	NA
S1	raw	0	13	4748.4	18654.1	NA	NA	NA
S1	raw	0	14	4952.86	18614	NA	NA	NA
S1	raw	0	15	5865	19402.1	NA	NA	NA
S1	raw	0	16	7476.15	21793.2	NA	NA	NA
S1	raw	0	17	7709.4	21739.5	NA	NA	NA
S1	raw	0	18	6760.59	20673.1	NA	NA	NA
S1	raw	0	19	4799.4	18834.2	NA	NA	NA
S1	raw	0	20	4824.52	18863.1	NA	NA	NA
S1	raw	0	21	4735.98	18555	NA	NA	NA
S1	raw	0	22	4864.65	18899.8	NA	NA	NA
S1	raw	0	23	4776.48	18776.3	NA	NA	NA
S1	raw	0	24	4707.98	18482.3	NA	NA	NA
S1	raw	0	25	4704.94	18435.8	NA	NA	NA
S1	raw	0	26	4755.32	18607	NA	NA	NA
S1	raw	0	27	4865.57	18967.6	NA	NA	NA
S1	raw	0	28	6826.22	20795.8	NA	NA	NA
S1	raw	0	29	7584.52	21557.7	NA	NA	NA
S1	raw	0	30	6117.34	20058.5	NA	NA	NA
S1	raw	0	31	4738.56	18579.9	NA	NA	NA
S1	raw	0	32	4799.48	18634.7	NA	NA	NA
S1	raw	0	33	5029.86	18715.1	NA	NA	NA
S1	raw	0	34	4876.23	19034.6	NA	NA	NA
S1	raw	0	35	4824.98	18912.3	NA	NA	NA
S1	raw	0	36	4868.98	18935.5	NA	NA	NA
S1	raw	0	37	4765.77	18731.7	NA	NA	NA
S1	raw	0	38	4777.98	18673.8	NA	NA	NA
S1	raw	0	39	4847.23	18911.7	NA	NA	NA
S1	raw	0	40	7812.11	21769	NA	NA	NA
S1	raw	0	41	7814.07	21877.4	NA	NA	NA
S1	raw	0	42	5059.99	19238.6	NA	NA	NA
S1	raw	0	43	4897.44	19047.7	NA	NA	NA
S1	raw	0	44	4854.03	18913.3	NA	NA	NA
S1	raw	0	45	4868.36	18931.2	NA	NA	NA
S1	raw	0	46	4803.15	18691.2	NA	NA	NA
S1	raw	0	47	4899.94	19154.6	NA	NA	NA
S1	raw	0	48	4732.98	18536.6	NA	NA	NA
S1	raw	0	49	4799.98	18661.2	NA	NA	NA
S1	raw	0	50	4851.03	18848.7	NA	NA	NA
S1	raw	0	51	5114.74	19073.9	NA	NA	NA
S1	raw	0	52	7848.44	21755.8	NA	NA	NA
S1	raw	0	53	7643.27	21552.3	NA	NA	NA
S1	raw	0	54	4761.86	18679.8	NA	NA	NA
S1	raw	0	55	4864.94	19073.1	NA	NA	NA
S1	raw	0	56	4792.98	18717.3	NA	NA	NA
S1	raw	0	57	4813.02	18814.5	NA	NA	NA
S1	raw	0	58	4760.94	18463.5	NA	NA	NA
S1	raw	0	59	4748.94	18601.1	NA	NA	NA
S1	raw	0	60	4832.86	18740.8	NA	NA	NA
S1	raw	0	61	4781.4	18697.5	NA	NA	NA
S1	raw	0	62	4805.65	18792.8	NA	NA	NA
S1	raw	0	63	5651.91	19599.4	NA	NA	NA
S1	raw	0	64	7918.48	22072.8	NA	NA	NA
S1	raw	0	65	7186.02	21079.2	NA	NA	NA
S1	raw	0	66	4932.61	19201.2	NA	NA	NA
S1	raw	0	67	4864.94	19045.6	NA	NA	NA
S1	raw	0	68	4748.11	18634.6	NA	NA	NA
S1	raw	0	69	4930.94	19053.4	NA	NA	NA
S1	raw	0	70	4821.36	18824.2	NA	NA	NA
S1	raw	0	71	4707.36	18467.2	NA	NA	NA
S1	raw	0	72	4688.86	18364.8	NA	NA	NA
S1	raw	0	73	4850.52	18792.2	NA	NA	NA
S1	raw	0	74	4702.36	18424.6	NA	NA	NA
S1	raw	0	75	6135.5	20147.2	NA	NA	NA
S1	raw	0	76	7663.61	21705.9	NA	NA	NA
S1	raw	0	77	6843.64	20821	NA	NA	NA
S1	raw	0	78	4712.9	18420.8	NA	NA	NA
S1	raw	0	79	4858.98	18918.5	NA	NA	NA
S1	raw	0	80	4831.65	18985.8	NA	NA	NA
S1	raw	0	81	4765.9	18501.6	NA	NA	NA
S1	raw	0	82	4718.48	18489.5	NA	NA	NA
S1	raw	0	83	4917.11	19093.8	NA	NA	NA
S1	raw	0	84	4764.27	18686.2	NA	NA	NA
S1	raw	0	85	4752.98	18601.3	NA	NA	NA
S1	raw	0	86	4815.52	18808.8	NA	NA	NA
S1	raw	0	87	6904.1	20822.3	NA	NA	NA
S1	raw	0	88	7715.31	21557.2	NA	NA	NA
S1	raw	0	89	5983.21	19904.8	NA	NA	NA
S1	raw	0	90	4822.86	18834.3	NA	NA	NA
S1	raw	0	91	4728.36	18578	NA	NA	NA
S1	raw	0	92	4861.82	18912.6	NA	NA	NA
S1	raw	0	93	4729.02	18645.6	NA	NA	NA
S1	raw	0	94	4851.44	18962.7	NA	NA	NA
S1	raw	0	95	4821.36	18817.5	NA	NA	NA
S1	raw	0	96	4717.65	18543.8	NA	NA	NA
S1	raw	0	97	4728.4	18542.2	NA	NA	NA
S1	raw	0	98	4686.98	18556.2	NA	NA	NA
S1	raw	0	99	7247.77	21418.7	NA	NA	NA
S1	repeat_summary	0				5288	990.259	7709.69
S1	raw	1	0	7583.15	21623.4	NA	NA	NA
S1	raw	1	1	5913.83	20036.7	NA	NA	NA
S1	raw	1	2	4760.73	18646.9	NA	NA	NA
S1	raw	1	3	4735.86	18530.7	NA	NA	NA
S1	raw	1	4	4773.82	18792.5	NA	NA	NA
S1	raw	1	5	4874.94	18939.5	NA	NA	NA
S1	raw	1	6	4840.32	18919.8	NA	NA	NA
S1	raw	1	7	4759.98	18753.9	NA	NA	NA
S1	raw	1	8	4766.9	18652.9	NA	NA	NA
S1	raw	1	9	4854.36	18711.1	NA	NA	NA
S1	raw	1	10	4744.57	18587.8	NA	NA	NA
S1	raw	1	11	4880.15	19158.3	NA	NA	NA
S1	raw	1	12	7857.07	21782.6	NA	NA	NA
S1	raw	1	13	7718.56	21537.8	NA	NA	NA
S1	raw	1	14	4778.82	18829.9	NA	NA	NA
S1	raw	1	15	4751.19	18608.5	NA	NA	NA
S1	raw	1	16	4771.11	18668.3	NA	NA	NA
S1	raw	1	17	4740.27	18539.9	NA	NA	NA
S1	raw	1	18	4796.94	18853.4	NA	NA	NA
S1	raw	1	19	4751.98	18533.3	NA	NA	NA
S1	raw	1	20	4892.11	18834	NA	NA	NA
S1	raw	1	21	4817.94	18817.5	NA	NA	NA
S1	raw	1	22	4837.61	18937.3	NA	NA	NA
S1	raw	1	23	5614.16	19668.2	NA	NA	NA
S1	raw	1	24	7811.94	21775.2	NA	NA	NA
S1	raw	1	25	7260.1	21212.4	NA	NA	NA
S1	raw	1	26	4802.9	18791.7	NA	NA	NA
S1	raw	1	27	4817.27	18837	NA	NA	NA
S1	raw	1	28	4808.82	18750.2	NA	NA	NA
S1	raw	1	29	4689.98	18559.5	NA	NA	NA
S1	raw	1	30	4835.4	18949	NA	NA	NA
S1	raw	1	31	4874.57	18946.3	NA	NA	NA
S1	raw	1	32	4754.4	18641.7	NA	NA	NA
S1	raw	1	33	4822.9	18871.7	NA	NA	NA
S1	raw	1	34	4748.77	18519.9	NA	NA	NA
S1	raw	1	35	4890.61	19201.2	NA	NA	NA
S1	raw	1	36	6890.51	20869.1	NA	NA	NA
S1	raw	1	37	7660.77	21749.8	NA	NA	NA
S1	raw	1	38	6101.08	20191	NA	NA	NA
S1	raw	1	39	4885.15	19118.6	NA	NA	NA
S1	raw	1	40	4869.9	19105.7	NA	NA	NA
S1	raw	1	41	4783.57	18690.8	NA	NA	NA
S1	raw	1	42	4804.61	18827.8	NA	NA	NA
S1	raw	1	43	4827.98	18604.5	NA	NA	NA
S1	raw	1	44	4853.9	18951.6	NA	NA	NA
S1	raw	1	45	4751.57	18626.3	NA	NA	NA
S1	raw	1	46	4892.94	19064.5	NA	NA	NA
S1	raw	1	47	4890.03	19081.7	NA	NA	NA
S1	raw	1	48	7208.64	21256	NA	NA	NA
S1	raw	1	49	7675.86	21674	NA	NA	NA
S1	raw	1	50	5621.79	19600.7	NA	NA	NA
S1	raw	1	51	4774.48	18670.4	NA	NA	NA
S1	raw	1	52	4881.48	19073.2	NA	NA	NA
S1	raw	1	53	4805.86	18813.7	NA	NA	NA
S1	raw	1	54	4817.86	18902.1	NA	NA	NA
S1	raw	1	55	4853.73	18866.3	NA	NA	NA
S1	raw	1	56	4873.19	19065.2	NA	NA	NA
S1	raw	1	57	4817.27	18725.5	NA	NA	NA
S1	raw	1	58	4804.15	18832.7	NA	NA	NA
S1	raw	1	59	4829.44	18780.7	NA	NA	NA
S1	raw	1	60	4862.52	18965.1	NA	NA	NA
S1	raw	1	61	4730.98	18499.5	NA	NA	NA
S1	raw	1	62	4855.15	18694.1	NA	NA	NA
S1	raw	1	63	4812.48	18724.8	NA	NA	NA
S1	raw	1	64	4857.94	18957.9	NA	NA	NA
S1	raw	1	65	4885.86	18874.8	NA	NA	NA
S1	raw	1	66	4877.48	19050.1	NA	NA	NA
S1	raw	1	67	4843.48	18929.5	NA	NA	NA
S1	raw	1	68	4833.57	18896.2	NA	NA	NA
S1	raw	1	69	4954.78	19059.9	NA	NA	NA
S1	raw	1	70	7687.27	21583.8	NA	NA	NA
S1	raw	1	71	7621.86	21536.1	NA	NA	NA
S1	raw	1	72	4881.07	19116.5	NA	NA	NA
S1	raw	1	73	4895.82	18896.9	NA	NA	NA
S1	raw	1	74	4868.11	19043.6	NA	NA	NA
S1	raw	1	75	4716.52	18472.1	NA	NA	NA
S1	raw	1	76	4709.56	18457.4	NA	NA	NA
S1	raw	1	77	4779.82	18714.8	NA	NA	NA
S1	raw	1	78	4872.48	18967.2	NA	NA	NA
S1	raw	1	79	4737.02	18599.2	NA	NA	NA
S1	raw	1	80	4868.73	19009.2	NA	NA	NA
S1	raw	1	81	4781.19	18673.7	NA	NA	NA
S1	raw	1	82	4747.4	18574.4	NA	NA	NA
S1	raw	1	83	4840.4	18923.3	NA	NA	NA
S1	raw	1	84	4889.44	19039.5	NA	NA	NA
S1	raw	1	85	4701.77	18471.9	NA	NA	NA
S1	raw	1	86	4753.32	18660.1	NA	NA	NA
S1	raw	1	87	4812.36	18820.1	NA	NA	NA
S1	raw	1	88	4788.77	18734.8	NA	NA	NA
S1	raw	1	89	4840.94	18902.2	NA	NA	NA
S1	raw	1	90	4816.11	18785.6	NA	NA	NA
S1	raw	1	91	5562.45	19546.3	NA	NA	NA
S1	raw	1	92	7764.77	21660.9	NA	NA	NA
S1	raw	1	93	7634.23	21623.7	NA	NA	NA
S1	raw	1	94	4846.86	18910.3	NA	NA	NA
S1	raw	1	95	4749.61	18719.8	NA	NA	NA
S1	raw	1	96	4818.98	18864.7	NA	NA	NA
S1	raw	1	97	4768.4	18709.8	NA	NA	NA
S1	raw	1	98	4719.23	18541.7	NA	NA	NA
S1	raw	1	99	4827.15	18747.2	NA	NA	NA
S1	repeat_summary	1				5219.26	943.003	7676.43
S1	raw	2	0	4826.27	18934.5	NA	NA	NA
S1	raw	2	1	4785.44	18752	NA	NA	NA
S1	raw	2	2	4768.32	18675.7	NA	NA	NA
S1	raw	2	3	4721.06	18542.6	NA	NA	NA
S1	raw	2	4	4880.19	19028.4	NA	NA	NA
S1	raw	2	5	4798.11	18761.5	NA	NA	NA
S1	raw	2	6	4761.4	18559	NA	NA	NA
S1	raw	2	7	4861.61	18920.2	NA	NA	NA
S1	raw	2	8	4862.11	18951.8	NA	NA	NA
S1	raw	2	9	4738.27	18492.6	NA	NA	NA
S1	raw	2	10	4713.36	18447.9	NA	NA	NA
S1	raw	2	11	4797.07	18758.3	NA	NA	NA
S1	raw	2	12	4777.86	18735.1	NA	NA	NA
S1	raw	2	13	4736.69	18567.5	NA	NA	NA
S1	raw	2	14	6854.18	20974.3	NA	NA	NA
S1	raw	2	15	7759.52	21764	NA	NA	NA
S1	raw	2	16	5862.62	20021.4	NA	NA	NA
S1	raw	2	17	4731.81	18480.9	NA	NA	NA
S1	raw	2	18	4743.32	18598.2	NA	NA	NA
S1	raw	2	19	4851.82	18914.2	NA	NA	NA
S1	raw	2	20	4791.15	18644.3	NA	NA	NA
S1	raw	2	21	4665.73	18340.3	NA	NA	NA
S1	raw	2	22	4742.52	18569	NA	NA	NA
S1	raw	2	23	4796.98	18718	NA	NA	NA
S1	raw	2	24	4799.19	18755.8	NA	NA	NA
S1	raw	2	25	4825.07	18833.7	NA	NA	NA
S1	raw	2	26	4734.94	18580.5	NA	NA	NA
S1	raw	2	27	4863.94	18993.3	NA	NA	NA
S1	raw	2	28	4772.11	18500.1	NA	NA	NA
S1	raw	2	29	4820.57	18896.5	NA	NA	NA
S1	raw	2	30	4894.4	19068.9	NA	NA	NA
S1	raw	2	31	4848.4	18839.3	NA	NA	NA
S1	raw	2	32	4807.82	18862.5	NA	NA	NA
S1	raw	2	33	4927.98	19236.9	NA	NA	NA
S1	raw	2	34	4834.57	18827.3	NA	NA	NA
S1	raw	2	35	4663.27	18391.1	NA	NA	NA
S1	raw	2	36	7232.35	21157.3	NA	NA	NA
S1	raw	2	37	7693.4	21435.7	NA	NA	NA
S1	raw	2	38	5390.74	19316.9	NA	NA	NA
S1	raw	2	39	4703.81	18466.9	NA	NA	NA
S1	raw	2	40	4850.86	18900.4	NA	NA	NA
S1	raw	2	41	4763.77	18603.6	NA	NA	NA
S1	raw	2	42	4751.23	18605.4	NA	NA	NA
S1	raw	2	43	4763.11	18588.2	NA	NA	NA
S1	raw	2	44	4781.94	18744	NA	NA	NA
S1	raw	2	45	4861.15	19001	NA	NA	NA
S1	raw	2	46	4708.11	18464.7	NA	NA	NA
S1	raw	2	47	4834.94	18608.6	NA	NA	NA
S1	raw	2	48	4759.48	18632.8	NA	NA	NA
S1	raw	2	49	4689.81	18389.9	NA	NA	NA
S1	raw	2	50	4925.61	19211.2	NA	NA	NA
S1	raw	2	51	4873.07	19040.1	NA	NA	NA
S1	raw	2	52	4734.11	18499.3	NA	NA	NA
S1	raw	2	53	4785.73	18593.1	NA	NA	NA
S1	raw	2	54	4800.9	18861.3	NA	NA	NA
S1	raw	2	55	4910.61	19166.3	NA	NA	NA
S1	raw	2	56	4748.94	18527.5	NA	NA	NA
S1	raw	2	57	5100.15	19268.9	NA	NA	NA
S1	raw	2	58	7814.4	21787.8	NA	NA	NA
S1	raw	2	59	7773.9	21806.4	NA	NA	NA
S1	raw	2	60	4828.27	18942.5	NA	NA	NA
S1	raw	2	61	4836.94	18905.1	NA	NA	NA
S1	raw	2	62	4794.27	18697	NA	NA	NA
S1	raw	2	63	4741.27	18540.8	NA	NA	NA
S1	raw	2	64	4738.98	18546.7	NA	NA	NA
S1	raw	2	65	4800.15	18712.6	NA	NA	NA
S1	raw	2	66	4850.69	18972.3	NA	NA	NA
S1	raw	2	67	4833.57	18876.2	NA	NA	NA
S1	raw	2	68	4792.44	18723.7	NA	NA	NA
S1	raw	2	69	4707.52	18431.5	NA	NA	NA
S1	raw	2	70	4760.52	18634.2	NA	NA	NA
S1	raw	2	71	4828.19	18967.1	NA	NA	NA
S1	raw	2	72	4879.11	18948.6	NA	NA	NA
S1	raw	2	73	4836.36	18937.7	NA	NA	NA
S1	raw	2	74	4751.02	18522.6	NA	NA	NA
S1	raw	2	75	4896.36	19121.9	NA	NA	NA
S1	raw	2	76	4868.48	18860.7	NA	NA	NA
S1	raw	2	77	4995.24	19306.1	NA	NA	NA
S1	raw	2	78	4854.65	18926.5	NA	NA	NA
S1	raw	2	79	5295.95	19380.6	NA	NA	NA
S1	raw	2	80	7665.48	21595.7	NA	NA	NA
S1	raw	2	81	7400.44	21199.4	NA	NA	NA
S1	raw	2	82	4762.61	18665.2	NA	NA	NA
S1	raw	2	83	4874.11	18960.7	NA	NA	NA
S1	raw	2	84	4861.61	18967.5	NA	NA	NA
S1	raw	2	85	4873.9	18991	NA	NA	NA
S1	raw	2	86	4754.9	18531.4	NA	NA	NA
S1	raw	2	87	4752.61	18661.5	NA	NA	NA
S1	raw	2	88	4878.28	18975.5	NA	NA	NA
S1	raw	2	89	4798.07	18831.2	NA	NA	NA
S1	raw	2	90	4909.69	19074	NA	NA	NA
S1	raw	2	91	4850.23	18954	NA	NA	NA
S1	raw	2	92	4851.44	18773	NA	NA	NA
S1	raw	2	93	4862.03	19106.7	NA	NA	NA
S1	raw	2	94	4859.65	18936.8	NA	NA	NA
S1	raw	2	95	4832.4	18712.9	NA	NA	NA
S1	raw	2	96	4879.9	18939.8	NA	NA	NA
S1	raw	2	97	4762.44	18659.5	NA	NA	NA
S1	raw	2	98	4755.19	18642.8	NA	NA	NA
S1	raw	2	99	4793.11	18754.5	NA	NA	NA
S1	repeat_summary	2				5047.4	753.64	7413.69
S1	raw	3	0	4888.94	19024.2	NA	NA	NA
S1	raw	3	1	5877.71	19849	NA	NA	NA
S1	raw	3	2	7730.52	21751.5	NA	NA	NA
S1	raw	3	3	6897.89	20757.8	NA	NA	NA
S1	raw	3	4	4710.31	18521.6	NA	NA	NA
S1	raw	3	5	4880.48	18973.5	NA	NA	NA
S1	raw	3	6	4789.32	18712.4	NA	NA	NA
S1	raw	3	7	4874.9	18995.2	NA	NA	NA
S1	raw	3	8	4845.36	18936.5	NA	NA	NA
S1	raw	3	9	4752.27	18667.5	NA	NA	NA
S1	raw	3	10	4810.61	18823.1	NA	NA	NA
S1	raw	3	11	4786.98	18777.9	NA	NA	NA
S1	raw	3	12	4799.98	18797.6	NA	NA	NA
S1	raw	3	13	4760.77	18618.2	NA	NA	NA
S1	raw	3	14	4855.03	18929.1	NA	NA	NA
S1	raw	3	15	4818.9	18869.3	NA	NA	NA
S1	raw	3	16	4729.9	18548	NA	NA	NA
S1	raw	3	17	4910.4	19154.4	NA	NA	NA
S1	raw	3	18	4732.56	18540.1	NA	NA	NA
S1	raw	3	19	4899.48	18951.5	NA	NA	NA
S1	raw	3	20	4817.02	18809	NA	NA	NA
S1	raw	3	21	4798.23	18791.4	NA	NA	NA
S1	raw	3	22	4810.52	18838.5	NA	NA	NA
S1	raw	3	23	6670.47	20710.9	NA	NA	NA
S1	raw	3	24	7681.56	21584.5	NA	NA	NA
S1	raw	3	25	6082.33	19982.6	NA	NA	NA
S1	raw	3	26	4736.73	18579.2	NA	NA	NA
S1	raw	3	27	4829.11	18876	NA	NA	NA
S1	raw	3	28	4762.98	18628.7	NA	NA	NA
S1	raw	3	29	4765.32	18648.9	NA	NA	NA
S1	raw	3	30	4713.98	18504.1	NA	NA	NA
S1	raw	3	31	4847.61	18749.5	NA	NA	NA
S1	raw	3	32	4799.94	18938.4	NA	NA	NA
S1	raw	3	33	4860.57	18896.5	NA	NA	NA
S1	raw	3	34	4743.94	18577.8	NA	NA	NA
S1	raw	3	35	4733.48	18461.3	NA	NA	NA
S1	raw	3	36	4865.44	18974.8	NA	NA	NA
S1	raw	3	37	4747.48	18588.2	NA	NA	NA
S1	raw	3	38	4838.65	18757.4	NA	NA	NA
S1	raw	3	39	4757.23	18718.5	NA	NA	NA
S1	raw	3	40	4810.69	18846.3	NA	NA	NA
S1	raw	3	41	4806.52	18704.7	NA	NA	NA
S1	raw	3	42	4877.65	19073.3	NA	NA	NA
S1	raw	3	43	4885.03	18869.7	NA	NA	NA
S1	raw	3	44	4854.94	18959.4	NA	NA	NA
S1	raw	3	45	7191.52	21345.5	NA	NA	NA
S1	raw	3	46	7635.19	21566.8	NA	NA	NA
S1	raw	3	47	5495.66	19610.8	NA	NA	NA
S1	raw	3	48	4776.27	18524.5	NA	NA	NA
S1	raw	3	49	4755.77	18557.7	NA	NA	NA
S1	raw	3	50	4809.61	18778.2	NA	NA	NA
S1	raw	3	51	4814.86	18703.9	NA	NA	NA
S1	raw	3	52	4719.19	18582.7	NA	NA	NA
S1	raw	3	53	4738.02	18531.7	NA	NA	NA
S1	raw	3	54	4840.77	18824.3	NA	NA	NA
S1	raw	3	55	4793.32	18652.8	NA	NA	NA
S1	raw	3	56	4880.53	19040.5	NA	NA	NA
S1	raw	3	57	4907.11	19100.5	NA	NA	NA
S1	raw	3	58	4844.57	19029.5	NA	NA	NA
S1	raw	3	59	4894.23	19011.7	NA	NA	NA
S1	raw	3	60	4800.07	18721.4	NA	NA	NA
S1	raw	3	61	4847.82	19004.6	NA	NA	NA
S1	raw	3	62	4861.61	19035.3	NA	NA	NA
S1	raw	3	63	4787.44	18761.8	NA	NA	NA
S1	raw	3	64	4865.23	18937.1	NA	NA	NA
S1	raw	3	65	4816.86	18817.1	NA	NA	NA
S1	raw	3	66	4736.11	18575.7	NA	NA	NA
S1	raw	3	67	4727.94	18619	NA	NA	NA
S1	raw	3	68	7982.07	21879.9	NA	NA	NA
S1	raw	3	69	7753.11	21759	NA	NA	NA
S1	raw	3	70	4749.48	18677.2	NA	NA	NA
S1	raw	3	71	4907.4	19203.1	NA	NA	NA
S1	raw	3	72	4924.53	19132.1	NA	NA	NA
S1	raw	3	73	4781.77	18698.5	NA	NA	NA
S1	raw	3	74	4878.73	19041.5	NA	NA	NA
S1	raw	3	75	4738.15	18477.6	NA	NA	NA
S1	raw	3	76	4796.27	18810.1	NA	NA	NA
S1	raw	3	77	4725.73	18408.1	NA	NA	NA
S1	raw	3	78	4773.36	18847.5	NA	NA	NA
S1	raw	3	79	4870.57	18974.6	NA	NA	NA
S1	raw	3	80	4765.44	18602.5	NA	NA	NA
S1	raw	3	81	4830.86	18626.9	NA	NA	NA
S1	raw	3	82	4712.56	18472.3	NA	NA	NA
S1	raw	3	83	4690.56	18447.8	NA	NA	NA
S1	raw	3	84	4774.82	18811.5	NA	NA	NA
S1	raw	3	85	4756.73	18607	NA	NA	NA
S1	raw	3	86	4827.36	18794.8	NA	NA	NA
S1	raw	3	87	4713.44	18596.5	NA	NA	NA
S1	raw	3	88	4730.81	18573.1	NA	NA	NA
S1	raw	3	89	5446.66	19562.8	NA	NA	NA
S1	raw	3	90	7312.48	21430.5	NA	NA	NA
S1	raw	3	91	7876.07	21886.4	NA	NA	NA
S1	raw	3	92	4825.61	18929.3	NA	NA	NA
S1	raw	3	93	4848.48	18905.3	NA	NA	NA
S1	raw	3	94	4851.98	18845.2	NA	NA	NA
S1	raw	3	95	4808.52	18869.3	NA	NA	NA
S1	raw	3	96	4844.73	18931.2	NA	NA	NA
S1	raw	3	97	4883.78	19030	NA	NA	NA
S1	raw	3	98	4885.15	19159.8	NA	NA	NA
S1	raw	3	99	4838.36	18955.7	NA	NA	NA
S1	repeat_summary	3				5110.95	825.78	7637.51
S1	raw	4	0	4854.4	18845.3	NA	NA	NA
S1	raw	4	1	4700.06	18426.5	NA	NA	NA
S1	raw	4	2	4819.27	18857.8	NA	NA	NA
S1	raw	4	3	4798.61	18787.9	NA	NA	NA
S1	raw	4	4	4754.9	18662	NA	NA	NA
S1	raw	4	5	4901.82	19032.7	NA	NA	NA
S1	raw	4	6	4753.61	18666	NA	NA	NA
S1	raw	4	7	4692.19	18424.4	NA	NA	NA
S1	raw	4	8	4925.82	19084.7	NA	NA	NA
S1	raw	4	9	4731.77	18695.6	NA	NA	NA
S1	raw	4	10	4788.77	18674.4	NA	NA	NA
S1	raw	4	11	6704.22	20643.2	NA	NA	NA
S1	raw	4	12	7942.32	21953.7	NA	NA	NA
S1	raw	4	13	5801.96	19744.6	NA	NA	NA
S1	raw	4	14	4768.15	18517.9	NA	NA	NA
S1	raw	4	15	4739.94	18604.2	NA	NA	NA
S1	raw	4	16	4723.82	18469.9	NA	NA	NA
S1	raw	4	17	4866.82	18786	NA	NA	NA
S1	raw	4	18	4759.44	18574.8	NA	NA	NA
S1	raw	4	19	4744.57	18676.7	NA	NA	NA
S1	raw	4	20	4840.69	18877.7	NA	NA	NA
S1	raw	4	21	4871.4	18886.4	NA	NA	NA
S1	raw	4	22	4898.69	19028.4	NA	NA	NA
S1	raw	4	23	4877.65	18877.8	NA	NA	NA
S1	raw	4	24	4726.06	18570.4	NA	NA	NA
S1	raw	4	25	4770.77	18664.6	NA	NA	NA
S1	raw	4	26	4855.53	18915.9	NA	NA	NA
S1	raw	4	27	4729.52	18520.2	NA	NA	NA
S1	raw	4	28	4755.98	18645.2	NA	NA	NA
S1	raw	4	29	4842.65	18888.2	NA	NA	NA
S1	raw	4	30	4877.36	18902	NA	NA	NA
S1	raw	4	31	4871.69	18883	NA	NA	NA
S1	raw	4	32	4909.23	18887.8	NA	NA	NA
S1	raw	4	33	7400.27	21389.4	NA	NA	NA
S1	raw	4	34	7593.31	21593.4	NA	NA	NA
S1	raw	4	35	5520.49	19719	NA	NA	NA
S1	raw	4	36	4810.48	18828.7	NA	NA	NA
S1	raw	4	37	4791.11	18771.5	NA	NA	NA
S1	raw	4	38	4892.82	19062.6	NA	NA	NA
S1	raw	4	39	4800.65	18764	NA	NA	NA
S1	raw	4	40	4840.52	18916.3	NA	NA	NA
S1	raw	4	41	4876.94	18979.4	NA	NA	NA
S1	raw	4	42	4851.36	18927.7	NA	NA	NA
S1	raw	4	43	4865.9	18966.5	NA	NA	NA
S1	raw	4	44	4800.65	18753.8	NA	NA	NA
S1	raw	4	45	4844.32	18712.1	NA	NA	NA
S1	raw	4	46	4843.52	18852	NA	NA	NA
S1	raw	4	47	4758.9	18607.5	NA	NA	NA
S1	raw	4	48	4810.48	18650	NA	NA	NA
S1	raw	4	49	4781.44	18784.1	NA	NA	NA
S1	raw	4	50	4737.19	18691	NA	NA	NA
S1	raw	4	51	4782.15	18683.8	NA	NA	NA
S1	raw	4	52	4779.48	18731.9	NA	NA	NA
S1	raw	4	53	4854.28	18972.1	NA	NA	NA
S1	raw	4	54	4771.02	18746.5	NA	NA	NA
S1	raw	4	55	4812.15	18862	NA	NA	NA
S1	raw	4	56	7715.19	21773.7	NA	NA	NA
S1	raw	4	57	7584.56	21362.4	NA	NA	NA
S1	raw	4	58	4870.78	19157.5	NA	NA	NA
S1	raw	4	59	4800.36	18644.2	NA	NA	NA
S1	raw	4	60	4821.73	18800.5	NA	NA	NA
S1	raw	4	61	4692.4	18392	NA	NA	NA
S1	raw	4	62	4761.44	18588.2	NA	NA	NA
S1	raw	4	63	4932.53	19074.3	NA	NA	NA
S1	raw	4	64	4745.73	18541.4	NA	NA	NA
S1	raw	4	65	4821.9	18836.7	NA	NA	NA
S1	raw	4	66	4799.19	18782.3	NA	NA	NA
S1	raw	4	67	4811.52	18762.8	NA	NA	NA
S1	raw	4	68	4769.15	18482.7	NA	NA	NA
S1	raw	4	69	4827.52	18880.9	NA	NA	NA
S1	raw	4	70	4817.15	18783.9	NA	NA	NA
S1	raw	4	71	4791.57	18791.7	NA	NA	NA
S1	raw	4	72	4726.07	18494.8	NA	NA	NA
S1	raw	4	73	4800.57	18817.7	NA	NA	NA
S1	raw	4	74	4843.61	18908.9	NA	NA	NA
S1	raw	4	75	4818.9	18905.8	NA	NA	NA
S1	raw	4	76	4741.56	18561	NA	NA	NA
S1	raw	4	77	5554.41	19546.4	NA	NA	NA
S1	raw	4	78	7985.48	21916.5	NA	NA	NA
S1	raw	4	79	7149.22	21236.1	NA	NA	NA
S1	raw	4	80	4816.86	18740.4	NA	NA	NA
S1	raw	4	81	4827.77	18890.5	NA	NA	NA
S1	raw	4	82	4885.98	19066.6	NA	NA	NA
S1	raw	4	83	4805.65	18844.2	NA	NA	NA
S1	raw	4	84	4879.36	18961.8	NA	NA	NA
S1	raw	4	85	4776.11	18767.9	NA	NA	NA
S1	raw	4	86	4835.44	19021.1	NA	NA	NA
S1	raw	4	87	4754.94	18698.9	NA	NA	NA
S1	raw	4	88	4741.77	18620.5	NA	NA	NA
S1	raw	4	89	4828.44	18896.3	NA	NA	NA
S1	raw	4	90	4774.57	18655.9	NA	NA	NA
S1	raw	4	91	4723.02	18500.4	NA	NA	NA
S1	raw	4	92	4763.07	18638.2	NA	NA	NA
S1	raw	4	93	4759.4	18599.1	NA	NA	NA
S1	raw	4	94	4751.94	18615.3	NA	NA	NA
S1	raw	4	95	4794.9	18784	NA	NA	NA
S1	raw	4	96	4846.94	18906.5	NA	NA	NA
S1	raw	4	97	4829.9	18610	NA	NA	NA
S1	raw	4	98	4881.69	19079	NA	NA	NA
S1	raw	4	99	6281	20336.5	NA	NA	NA
S1	repeat_summary	4				5061.6	763.453	7409.48
