relative_path	sha256	bytes	ir_version	opsets	inputs	outputs	node_count	initializer_count	initializer_payload_sha256	initializer_dtypes	qdq_count	qlinear_count	vendor_split_tensor_count	status	provenance_status
export_matrix_forensics/ultralytics_8_3_233/base320_opset18/yolo26n.onnx	59e3f9e67207fc95455917308f20644d8ce8517fdbef98ae374ddd10a0c8f273	9757728	8	ai.onnx:18	images:FLOAT:1x3x320x320	output0:FLOAT:1x84x2100	402	204	5f0e5bbfbaeea2f2394ec8e89e5d8634afa84ff6546f687f6c64e749edb2d6c5	FLOAT:204	0	0	0	split-tensor-contract-missing	existing-read-only-project-evidence;external-publication-not-authorized
export_matrix_forensics/ultralytics_8_3_233/base640_opset18/yolo26n.onnx	aaeaf2eb82c9e60c2107ee67d2fa59983d627094dd15720b4d6d6364f9b93bc6	9883732	8	ai.onnx:18	images:FLOAT:1x3x640x640	output0:FLOAT:1x84x8400	402	204	5f0e5bbfbaeea2f2394ec8e89e5d8634afa84ff6546f687f6c64e749edb2d6c5	FLOAT:204	0	0	0	split-tensor-contract-missing	existing-read-only-project-evidence;external-publication-not-authorized
export_matrix_forensics/ultralytics_8_3_233/base640_opset19/yolo26n.onnx	f88d71fbadf9b1d160a4aefa71c1941a9afa4b7755cc937a106664e3f0e81157	9883732	9	ai.onnx:19	images:FLOAT:1x3x640x640	output0:FLOAT:1x84x8400	402	204	5f0e5bbfbaeea2f2394ec8e89e5d8634afa84ff6546f687f6c64e749edb2d6c5	FLOAT:204	0	0	0	split-tensor-contract-missing	existing-read-only-project-evidence;external-publication-not-authorized
export_matrix_forensics/ultralytics_8_3_233/nms_false640/yolo26n.onnx	113a9b675c3bffa4c9349d5295071eeb87d9f53f85dc297122d327b65c8cb026	9883732	8	ai.onnx:18	images:FLOAT:1x3x640x640	output0:FLOAT:1x84x8400	402	204	5f0e5bbfbaeea2f2394ec8e89e5d8634afa84ff6546f687f6c64e749edb2d6c5	FLOAT:204	0	0	0	split-tensor-contract-missing	existing-read-only-project-evidence;external-publication-not-authorized
export_matrix_forensics/ultralytics_8_3_233/nms_true640/yolo26n.onnx	06a99c7d4567c7287183e21e61c12492ef5e3347ba2b23f3cda3ab8742b9bb0c	9914194	8	ai.onnx:18	images:FLOAT:1x3x640x640	output0:FLOAT:1x300x6	548	204	728a29a6cd1f7228bc5adb1158cc3cb8ac9d709c2a0f6dd88dc6aeb571451cb9	FLOAT:204	0	0	0	split-tensor-contract-missing	existing-read-only-project-evidence;external-publication-not-authorized
export_matrix_forensics/ultralytics_8_3_233/simplify_true640/yolo26n.onnx	8c64e9450ff65fc11995e974386775aa56a9ec0a17726e376626d0a5d3341f62	9883731	8	ai.onnx:18	images:FLOAT:1x3x640x640	output0:FLOAT:1x84x8400	402	204	5f0e5bbfbaeea2f2394ec8e89e5d8634afa84ff6546f687f6c64e749edb2d6c5	FLOAT:204	0	0	0	split-tensor-contract-missing	existing-read-only-project-evidence;external-publication-not-authorized
export_matrix_forensics/ultralytics_8_4_0/base320_opset18/yolo26n.onnx	ba2c5521b6f0698a5a8fac7f582b673e793db8c26575d5a2de3ca3787c259b9e	9768677	8	ai.onnx:18	images:FLOAT:1x3x320x320	output0:FLOAT:1x300x6	453	204	a462fc47eb59db6efa4656d5c893c9d39db45954fb6fdd5aeedcfb03565d30da	FLOAT:204	0	0	6	not-fixed-640-input	existing-read-only-project-evidence;external-publication-not-authorized
export_matrix_forensics/ultralytics_8_4_0/base640_opset18/yolo26n.onnx	40872aac541f5a695257a4cdff6895ccb28053e05142322906000e9996fbc109	9894681	8	ai.onnx:18	images:FLOAT:1x3x640x640	output0:FLOAT:1x300x6	453	204	a462fc47eb59db6efa4656d5c893c9d39db45954fb6fdd5aeedcfb03565d30da	FLOAT:204	0	0	6	eligible-fp32-candidate-not-selected	existing-read-only-project-evidence;external-publication-not-authorized
export_matrix_forensics/ultralytics_8_4_0/base640_opset19/yolo26n.onnx	d260ec0a4696b31fce14898e7d63f4e8a8360a7b082aa60300b79225d57d9a60	9894681	9	ai.onnx:19	images:FLOAT:1x3x640x640	output0:FLOAT:1x300x6	453	204	a462fc47eb59db6efa4656d5c893c9d39db45954fb6fdd5aeedcfb03565d30da	FLOAT:204	0	0	6	eligible-fp32-candidate-not-selected	existing-read-only-project-evidence;external-publication-not-authorized
export_matrix_forensics/ultralytics_8_4_0/nms_false640/yolo26n.onnx	e2c3cb69190afae72f62b7bb9c541ce336309a863f800d062df756e9733b88e2	9894681	8	ai.onnx:18	images:FLOAT:1x3x640x640	output0:FLOAT:1x300x6	453	204	a462fc47eb59db6efa4656d5c893c9d39db45954fb6fdd5aeedcfb03565d30da	FLOAT:204	0	0	6	eligible-fp32-candidate-not-selected	existing-read-only-project-evidence;external-publication-not-authorized
export_matrix_forensics/ultralytics_8_4_0/nms_true640/yolo26n.onnx	b9856153f4127d4faa7170c78a45c71899b65ad711a7f726d371b4dc94df42cf	9894681	8	ai.onnx:18	images:FLOAT:1x3x640x640	output0:FLOAT:1x300x6	453	204	a462fc47eb59db6efa4656d5c893c9d39db45954fb6fdd5aeedcfb03565d30da	FLOAT:204	0	0	6	eligible-fp32-candidate-not-selected	existing-read-only-project-evidence;external-publication-not-authorized
export_matrix_forensics/ultralytics_8_4_0/simplify_true640/yolo26n.onnx	87648c06547172b49a785597974e929ce87bdf2e5e7a91268fff0f8965bae65c	9894680	8	ai.onnx:18	images:FLOAT:1x3x640x640	output0:FLOAT:1x300x6	453	204	a462fc47eb59db6efa4656d5c893c9d39db45954fb6fdd5aeedcfb03565d30da	FLOAT:204	0	0	6	eligible-fp32-candidate-not-selected	existing-read-only-project-evidence;external-publication-not-authorized
export_matrix_forensics/ultralytics_latest/base320_opset18/yolo26n.onnx	c81b87f0786d8a60163ac730000caedcc04ec1936d730430f24096310afb59aa	9768713	8	ai.onnx:18	images:FLOAT:1x3x320x320	output0:FLOAT:1x300x6	453	204	a462fc47eb59db6efa4656d5c893c9d39db45954fb6fdd5aeedcfb03565d30da	FLOAT:204	0	0	6	not-fixed-640-input	existing-read-only-project-evidence;external-publication-not-authorized
export_matrix_forensics/ultralytics_latest/base640_opset18/yolo26n.onnx	341e2a429cf6691d7d19c814165ca41d6d96f8e55a83573501bb4d48075b1f9e	9894717	8	ai.onnx:18	images:FLOAT:1x3x640x640	output0:FLOAT:1x300x6	453	204	a462fc47eb59db6efa4656d5c893c9d39db45954fb6fdd5aeedcfb03565d30da	FLOAT:204	0	0	6	eligible-fp32-candidate-not-selected	existing-read-only-project-evidence;external-publication-not-authorized
export_matrix_forensics/ultralytics_latest/base640_opset19/yolo26n.onnx	14e8f29c36fff3ac3f5cdb531fe46c5a1aff281289b3ace3e588e5805c5a32b8	9894717	9	ai.onnx:19	images:FLOAT:1x3x640x640	output0:FLOAT:1x300x6	453	204	a462fc47eb59db6efa4656d5c893c9d39db45954fb6fdd5aeedcfb03565d30da	FLOAT:204	0	0	6	eligible-fp32-candidate-not-selected	existing-read-only-project-evidence;external-publication-not-authorized
export_matrix_forensics/ultralytics_latest/end2end_false640/yolo26n.onnx	5c120f3362d38d900bfecc58f7b3dd5567715acfb46ddded1fd23c637a9981fe	9884220	8	ai.onnx:18	images:FLOAT:1x3x640x640	output0:FLOAT:1x84x8400	405	204	5f0e5bbfbaeea2f2394ec8e89e5d8634afa84ff6546f687f6c64e749edb2d6c5	FLOAT:204	0	0	0	split-tensor-contract-missing	existing-read-only-project-evidence;external-publication-not-authorized
export_matrix_forensics/ultralytics_latest/end2end_true640/yolo26n.onnx	d71286588abe691ede49faa5ca9a471b7e9e5257669953ee59abbc2e9d115fc2	9894717	8	ai.onnx:18	images:FLOAT:1x3x640x640	output0:FLOAT:1x300x6	453	204	a462fc47eb59db6efa4656d5c893c9d39db45954fb6fdd5aeedcfb03565d30da	FLOAT:204	0	0	6	selected-canonical-fp32	existing-read-only-project-evidence;external-publication-not-authorized
export_matrix_forensics/ultralytics_latest/nms_false640/yolo26n.onnx	9df44c51f802c53e94ad9889daad49167f97df215fef4bf2d1c02ef87c70ce51	9894717	8	ai.onnx:18	images:FLOAT:1x3x640x640	output0:FLOAT:1x300x6	453	204	a462fc47eb59db6efa4656d5c893c9d39db45954fb6fdd5aeedcfb03565d30da	FLOAT:204	0	0	6	eligible-fp32-candidate-not-selected	existing-read-only-project-evidence;external-publication-not-authorized
export_matrix_forensics/ultralytics_latest/nms_true640/yolo26n.onnx	f56e2f672a677f7eb3f6f1fffe9429f04177b019c35973add707cdaf0c19ed61	9894717	8	ai.onnx:18	images:FLOAT:1x3x640x640	output0:FLOAT:1x300x6	453	204	a462fc47eb59db6efa4656d5c893c9d39db45954fb6fdd5aeedcfb03565d30da	FLOAT:204	0	0	6	eligible-fp32-candidate-not-selected	existing-read-only-project-evidence;external-publication-not-authorized
export_matrix_forensics/ultralytics_latest/quantize16_640/yolo26n.onnx	17cf1a9cb0ccd705264ccbb47bfff62042dd510e0e00550eafcf49554a0c067a	5024418	8	ai.onnx:18	images:FLOAT:1x3x640x640	output0:FLOAT:1x300x6	461	204	ce2db2aa1ed8102fbb9995c71f2b69626a707805b3ea886e7de7cfe0305af7e8	FLOAT16:204	0	0	6	mixed-or-fp16-graph	existing-read-only-project-evidence;external-publication-not-authorized
export_matrix_forensics/ultralytics_latest/quantize32_640/yolo26n.onnx	2bec317f16256c6f5c1aeef59a3c25ff684bc9df4188b4a9b58430c2e604bc42	9894715	8	ai.onnx:18	images:FLOAT:1x3x640x640	output0:FLOAT:1x300x6	453	204	a462fc47eb59db6efa4656d5c893c9d39db45954fb6fdd5aeedcfb03565d30da	FLOAT:204	0	0	6	eligible-fp32-candidate-not-selected	existing-read-only-project-evidence;external-publication-not-authorized
export_matrix_forensics/ultralytics_latest/simplify_true640/yolo26n.onnx	c6e61d606491902fa54c4c24b786f32c3837890b3821d96de56e13135fad1c75	9941990	8	ai.onnx:18	images:FLOAT:1x3x640x640	output0:FLOAT:1x300x6	384	228	4cc872237549854bb2def108d6bb4b1b082f1e2ecc70a192b63eb371e27d67d3	FLOAT:209,INT64:19	0	0	6	eligible-fp32-candidate-not-selected	existing-read-only-project-evidence;external-publication-not-authorized
exports/yolo26n_320_end2end_default.onnx	794b0a9e88a440ac09649ba1a328022243d63681dd79018338ba7796df33d2e7	9757728	8	ai.onnx:18	images:FLOAT:1x3x320x320	output0:FLOAT:1x84x2100	402	204	5f0e5bbfbaeea2f2394ec8e89e5d8634afa84ff6546f687f6c64e749edb2d6c5	FLOAT:204	0	0	0	split-tensor-contract-missing	existing-read-only-project-evidence;external-publication-not-authorized
exports/yolo26n_640_end2end_default.onnx	0498cc5ddce26d78dcc55e92460320f42287a2564ec846ebbf22da871834be19	9883732	8	ai.onnx:18	images:FLOAT:1x3x640x640	output0:FLOAT:1x84x8400	402	204	5f0e5bbfbaeea2f2394ec8e89e5d8634afa84ff6546f687f6c64e749edb2d6c5	FLOAT:204	0	0	0	split-tensor-contract-missing	existing-read-only-project-evidence;external-publication-not-authorized
fp16_effect_matrix/yolo26n_640_e2e_native_fp16_keep_io.onnx	8153298ec470f73cc183193b06fba4b252d581b992adfcb970d40d3a7923e71f	5009275	8	ai.onnx:18	images:FLOAT:1x3x640x640	output0:FLOAT:1x84x8400	410	204	fccb51f32bc097cf6f399256209e92feccfc3cc3cb0be0b5a87340c4c5d797b5	FLOAT16:204	0	0	0	split-tensor-contract-missing	existing-read-only-project-evidence;external-publication-not-authorized
fp16_effect_matrix/yolo26n_640_e2e_xslim_fp16.onnx	47320ace7bc69f1677394241018d4550d6545f406577e4a83973f0234f911786	5053306	9	ai.onnx:24	images:FLOAT:1x3x640x640	output0:FLOAT:1x84x8400	369	223	f1b63c7d4c089275cbef19bd62c1b94afde255a5902984da0d23c7cef0102aa1	FLOAT:1,FLOAT16:209,INT64:13	0	0	0	split-tensor-contract-missing	existing-read-only-project-evidence;external-publication-not-authorized
fp32_fp16_xslim_effect_matrix/yolo26n_640_e2e_fp32.onnx	d71286588abe691ede49faa5ca9a471b7e9e5257669953ee59abbc2e9d115fc2	9894717	8	ai.onnx:18	images:FLOAT:1x3x640x640	output0:FLOAT:1x300x6	453	204	a462fc47eb59db6efa4656d5c893c9d39db45954fb6fdd5aeedcfb03565d30da	FLOAT:204	0	0	6	selected-canonical-fp32	existing-read-only-project-evidence;external-publication-not-authorized
fp32_fp16_xslim_effect_matrix/yolo26n_640_e2e_native_fp16_body_headfp32_full_io.onnx	91202757f0971db1f1e866d69d1d2e7f6261cfc85d5896fc11e0e72a27a1db3f	5450320	8	ai.onnx:18	images:FLOAT16:1x3x640x640	output0:FLOAT16:1x300x6	534	204	cd710930346ab37620e5f27dd5faa5e252d8daa41eb04ebf3ec7edde30211978	FLOAT:48,FLOAT16:156	0	0	6	not-fixed-640-input	existing-read-only-project-evidence;external-publication-not-authorized
fp32_fp16_xslim_effect_matrix/yolo26n_640_e2e_native_fp16_body_headfp32_keep_io.onnx	f515005e1cfeb19ce320408d44f79d8439774f4deaff188eed3ca70b258ff6d4	5450507	8	ai.onnx:18	images:FLOAT:1x3x640x640	output0:FLOAT16:1x300x6	535	204	cd710930346ab37620e5f27dd5faa5e252d8daa41eb04ebf3ec7edde30211978	FLOAT:48,FLOAT16:156	0	0	6	mixed-or-fp16-graph	existing-read-only-project-evidence;external-publication-not-authorized
fp32_fp16_xslim_effect_matrix/yolo26n_640_e2e_native_fp16_full_io.onnx	d49a40c188e5f33039b9ba8995fbc5f26c3f5e4199ba6fa5e597c595d865c670	5024564	8	ai.onnx:18	images:FLOAT16:1x3x640x640	output0:FLOAT16:1x300x6	463	204	4ddbd28cc704bae7bd1487caf34346e02e4758bedc40db0d1c22cc3fd1f9600c	FLOAT16:204	0	0	6	not-fixed-640-input	existing-read-only-project-evidence;external-publication-not-authorized
fp32_fp16_xslim_effect_matrix/yolo26n_640_e2e_native_fp16_keep_io.onnx	6084619465694b6b5af87f77e65e09480edfadb6f3e20022ee1577984a15f83c	5024937	8	ai.onnx:18	images:FLOAT:1x3x640x640	output0:FLOAT:1x300x6	465	204	4ddbd28cc704bae7bd1487caf34346e02e4758bedc40db0d1c22cc3fd1f9600c	FLOAT16:204	0	0	6	mixed-or-fp16-graph	existing-read-only-project-evidence;external-publication-not-authorized
fp32_fp16_xslim_effect_matrix/yolo26n_640_e2e_xslim_default_noquant.onnx	a0a8b3c664653f05eb2f3c8167509d2d9178d6bc48d137562ab972632724e34b	9968712	9	ai.onnx:24	images:FLOAT:1x3x640x640	output0:FLOAT:1x300x6	384	228	4cc872237549854bb2def108d6bb4b1b082f1e2ecc70a192b63eb371e27d67d3	FLOAT:209,INT64:19	0	0	6	eligible-fp32-candidate-not-selected	existing-read-only-project-evidence;external-publication-not-authorized
fp32_fp16_xslim_effect_matrix/yolo26n_640_e2e_xslim_fp16.onnx	8b55607d55671cc36e3d2f9605f3d37d629719e6e42ebe5660c379493d362c50	5068253	9	ai.onnx:24	images:FLOAT:1x3x640x640	output0:FLOAT:1x300x6	389	228	9c5a4664eb37784bf6ba13a05daf469cbde32f36c25b86d3cc957348462a3e2e	FLOAT:1,FLOAT16:208,INT64:19	0	0	6	mixed-or-fp16-graph	existing-read-only-project-evidence;external-publication-not-authorized
int8_gate/latest_quantize8/yolo26n_int8.onnx	6f56fe811f499d353010b6e69b271ae36a896348eb5100bf35f5a2f67bef1cf5	3084622	8	ai.onnx:18	images:FLOAT:1x3x640x640	output0:FLOAT:1x300x6	1439	1290	4615f58cc4f09fc73a5ff84bc4abd99157e7d921755093561732dc9e5763c749	FLOAT:543,INT32:204,INT8:543	986	0	6	already-quantized-not-static-ptq-input	existing-read-only-project-evidence;external-publication-not-authorized
int8_rt204_forensics/e2e_rep_default/e2e_rep_default.onnx	9367b4ba9c950b8d5100c1bc73914292e98af51651c5bf3d2d4458c9a742351e	3084743	8	ai.onnx:18	images:FLOAT:1x3x640x640	output0:FLOAT:1x300x6	1439	1290	feefff97125844d4131b2f780ea8fc1504832ab5455ba82f983af2e08ce9cd69	FLOAT:543,INT32:204,INT8:543	986	0	6	already-quantized-not-static-ptq-input	existing-read-only-project-evidence;external-publication-not-authorized
int8_rt204_forensics/e2e_rep_fraction025/e2e_rep_fraction025.onnx	c254e348d519df300134b7e51239f83db6a06c2a3eae45de641c66e3a213bdf7	3084708	8	ai.onnx:18	images:FLOAT:1x3x640x640	output0:FLOAT:1x300x6	1439	1290	40d5781642c85c088d7990a51305413f0a4ec934cc4c2519329cd6ff9bc373a2	FLOAT:543,INT32:204,INT8:543	986	0	6	already-quantized-not-static-ptq-input	existing-read-only-project-evidence;external-publication-not-authorized
int8_rt204_forensics/e2e_small_default/e2e_small_default.onnx	03eae5fff410dd66d7dbc309c60ea4d07f1dc9286b5e897eee5881994e8908ad	3084716	8	ai.onnx:18	images:FLOAT:1x3x640x640	output0:FLOAT:1x300x6	1439	1290	323527752369cf05a308d1b17be9edd4de73306efe3549b23ab2822ba2470bb8	FLOAT:543,INT32:204,INT8:543	986	0	6	already-quantized-not-static-ptq-input	existing-read-only-project-evidence;external-publication-not-authorized
int8_rt204_forensics/e2e_small_nms_true/e2e_small_nms_true.onnx	29e220c0d8ce482d4b5f49d19b8d8aede91c73e1d2889490d345fffd4b575fb8	3084716	8	ai.onnx:18	images:FLOAT:1x3x640x640	output0:FLOAT:1x300x6	1439	1290	323527752369cf05a308d1b17be9edd4de73306efe3549b23ab2822ba2470bb8	FLOAT:543,INT32:204,INT8:543	986	0	6	already-quantized-not-static-ptq-input	existing-read-only-project-evidence;external-publication-not-authorized
int8_rt204_forensics/e2e_small_simplify/e2e_small_simplify.onnx	f264f2d8ddd553df528460816257f10411a2b803ac31448d10f6d5f3a3862abc	3024688	8	ai.onnx:18	images:FLOAT:1x3x640x640	output0:FLOAT:1x300x6	1365	1312	4d1af36c19a8f5caae162573b88f9afaf80f9d8ebaa90ac9eae3ee59a6712aca	FLOAT:544,INT32:204,INT64:19,INT8:545	981	0	6	already-quantized-not-static-ptq-input	existing-read-only-project-evidence;external-publication-not-authorized
int8_rt204_forensics/manual_ort/manual_e2e_rep_conv_matmul_qdq.onnx	30a94e4738606673b5e0a73499cbc977167f046f8fa8637d6040ce744f429c0c	3072462	8	ai.onnx:18	images:FLOAT:1x3x640x640	output0:FLOAT:1x300x6	1069	1024	4bba7450058b8bff9330f291bd1ee922ba4eab27397ebf04e59f3f0d2b673ad8	FLOAT:410,INT32:204,INT8:204,UINT8:206	616	0	6	already-quantized-not-static-ptq-input	existing-read-only-project-evidence;external-publication-not-authorized
int8_rt204_forensics/manual_ort/manual_e2e_rep_conv_only_qdq.onnx	535947b2ea4d03aa33af2a0f18759405bad9aaa6994bb729b23e715545f4cc8f	3063675	8	ai.onnx:18	images:FLOAT:1x3x640x640	output0:FLOAT:1x300x6	1045	1000	de2082f35faf54866f11397fa61c8596681f1bec850d36e5b9492cd567ed5abb	FLOAT:398,INT32:204,INT8:204,UINT8:194	592	0	6	already-quantized-not-static-ptq-input	existing-read-only-project-evidence;external-publication-not-authorized
int8_rt204_forensics/manual_ort/manual_e2e_small_conv_matmul_qdq.onnx	e11f63609f6112d4faad9e573af24b2d63f5f7135221d5c730d7bd745521d77d	3072464	8	ai.onnx:18	images:FLOAT:1x3x640x640	output0:FLOAT:1x300x6	1069	1024	eb1d6b14d76f173891be2abbdb91859da9d6c6488257db48980f6821da49e325	FLOAT:410,INT32:204,INT8:204,UINT8:206	616	0	6	already-quantized-not-static-ptq-input	existing-read-only-project-evidence;external-publication-not-authorized
int8_rt204_forensics/manual_ort/manual_trad_rep_conv_matmul_qdq.onnx	c612fcbf5ce453198f75109d1907825a6d995a846bc0b5952f1b451323b14ca8	3044993	8	ai.onnx:18	images:FLOAT:1x3x640x640	output0:FLOAT:1x84x8400	1021	1024	d8d03463d70ade2b876be5f615aa917e965bda8389eb60a8b0092c11817f25fd	FLOAT:410,INT32:204,INT8:204,UINT8:206	616	0	0	already-quantized-not-static-ptq-input	existing-read-only-project-evidence;external-publication-not-authorized
int8_rt204_forensics/manual_ort/manual_trad_rep_conv_only_qdq.onnx	8ee866e0b0612ce8bf0d3fa18feea3fda06a7b73b0b3305238a929c54483e0af	3036206	8	ai.onnx:18	images:FLOAT:1x3x640x640	output0:FLOAT:1x84x8400	997	1000	e6441b35fcfee7be7b2356654431c3c3b705cfcbd97e44ac70d878c609b6f68e	FLOAT:398,INT32:204,INT8:204,UINT8:194	592	0	0	already-quantized-not-static-ptq-input	existing-read-only-project-evidence;external-publication-not-authorized
int8_rt204_forensics/traditional_rep_default/traditional_rep_default.onnx	4ea9ef008ed1e9672b80545a588603dff8693928c240ec1e1864935a5cbd298c	3049726	8	ai.onnx:18	images:FLOAT:1x3x640x640	output0:FLOAT:1x84x8400	1381	1290	dd2259711036090b46a6e483bfcd821ad502d5c4cf40fdada02591964c815b1f	FLOAT:543,INT32:204,INT8:543	976	0	0	already-quantized-not-static-ptq-input	existing-read-only-project-evidence;external-publication-not-authorized
int8_rt204_forensics/traditional_small_default/traditional_small_default.onnx	d8241d69de6b727c3702a8514a679992997faf04b48d21329467a57a8b3682c9	3049690	8	ai.onnx:18	images:FLOAT:1x3x640x640	output0:FLOAT:1x84x8400	1381	1290	41df981eaa033e184b308675a9fd9a61dc99975dd9778a9ce2909080a2186707	FLOAT:543,INT32:204,INT8:543	976	0	0	already-quantized-not-static-ptq-input	existing-read-only-project-evidence;external-publication-not-authorized
qdq_rt204_minimization/e2e_qdq_rep_conv_matmul_per_tensor.onnx	5e37aa2dd7a1a63345b2842d5f565189c47d877d25b0071c6102de8b7d6133b7	2955480	8	ai.onnx:18	images:FLOAT:1x3x640x640	output0:FLOAT:1x300x6	1069	1024	a6f4ba7ac819da0e2298e9ccc9cfbdef4952762a64b5cca32080b87e9d73a858	FLOAT:410,INT32:204,INT8:204,UINT8:206	616	0	6	already-quantized-not-static-ptq-input	existing-read-only-project-evidence;external-publication-not-authorized
qdq_rt204_minimization/e2e_qdq_rep_conv_matmul_reduce_range.onnx	0be83b4e2115046b4e61b4c885a26b7c60dc6ce1362bae0581ed85b5dab52ccd	3072462	8	ai.onnx:18	images:FLOAT:1x3x640x640	output0:FLOAT:1x300x6	1069	1024	f64c4b891863a4269c5773ac4a4444945e744af08e6ea861e904bce8ea822a8c	FLOAT:410,INT32:204,INT8:204,UINT8:206	616	0	6	already-quantized-not-static-ptq-input	existing-read-only-project-evidence;external-publication-not-authorized
qdq_rt204_minimization/e2e_qdq_rep_matmul_only.onnx	3e51b6ab5f91b6ec182098200e1756ce889a03d4cd9b93b847cfbedbcdad92fc	9933689	8	ai.onnx:18	images:FLOAT:1x3x640x640	output0:FLOAT:1x300x6	477	228	05ff7a4b862e768187f0a470659929f4871ef7c263485c7b2ba2b939c04910f0	FLOAT:216,UINT8:12	24	0	6	already-quantized-not-static-ptq-input	existing-read-only-project-evidence;external-publication-not-authorized
qdq_rt204_minimization/e2e_qdq_tiny_exclude_first_8_conv.onnx	e704a251d2f53e4657d44faeafc22ba3cc5207800efd783bb8b19a8134b6f6e8	3210956	8	ai.onnx:18	images:FLOAT:1x3x640x640	output0:FLOAT:1x300x6	1021	960	212c71bcb7b26badacb1a17160374d1933c3bf65739c6128d9b25d35afc2e807	FLOAT:394,INT32:188,INT8:188,UINT8:190	568	0	6	already-quantized-not-static-ptq-input	existing-read-only-project-evidence;external-publication-not-authorized
qdq_rt204_minimization/e2e_qdq_tiny_exclude_first_conv.onnx	e5c3685cb0e4bda60683325c947353da09740d7f68ef66ccf009eb6613e12242	3072007	8	ai.onnx:18	images:FLOAT:1x3x640x640	output0:FLOAT:1x300x6	1063	1016	454fd5a5e885c08ff9269ac0db2a2df5cf477a74f193470a4d63591721091454	FLOAT:408,INT32:202,INT8:202,UINT8:204	610	0	6	already-quantized-not-static-ptq-input	existing-read-only-project-evidence;external-publication-not-authorized
qdq_rt204_minimization/e2e_qoperator_rep_conv_matmul.onnx	aa657776ad24dae00834e8f457d6fb648934f2a97534979bf82ed33aef1f6f81	2897315	8	ai.onnx:18	images:FLOAT:1x3x640x640	output0:FLOAT:1x300x6	659	820	eead7f813b50aaff1fcdbfc0ef85f052cde8e70864ce3bf0e4ef682f7a1c9a39	FLOAT:308,INT32:102,INT8:204,UINT8:206	206	106	6	already-quantized-not-static-ptq-input	existing-read-only-project-evidence;external-publication-not-authorized
qdq_rt204_minimization/trad_qdq_rep_conv_only_per_tensor.onnx	da217cd95d6fb4b857f9f63e2324b4a718a02c18165f7ebf4798ba5f2faed89c	2919228	8	ai.onnx:18	images:FLOAT:1x3x640x640	output0:FLOAT:1x84x8400	997	1000	cbcc37ee182399b4dde96a6597f24a4230eb76d502ff633c350826441437f7a7	FLOAT:398,INT32:204,INT8:204,UINT8:194	592	0	0	already-quantized-not-static-ptq-input	existing-read-only-project-evidence;external-publication-not-authorized
qdq_rt204_minimization/trad_qdq_rep_matmul_only.onnx	da8d112ee98a253b382a6778e6fba0a41cb58c2a5f72da716249e261c76b98df	9919282	8	ai.onnx:18	images:FLOAT:1x3x640x640	output0:FLOAT:1x84x8400	429	228	1baefde5bd20ea12a0dd6ded5756dfc1aa026e7c7a1a3a5b70f01636da6359c7	FLOAT:216,UINT8:12	24	0	0	already-quantized-not-static-ptq-input	existing-read-only-project-evidence;external-publication-not-authorized
qdq_rt204_minimization/trad_qoperator_rep_conv_matmul.onnx	a56147084e0fbdbedf9516734c02ebf958808b83d33bba072f92ee230c65288f	2874358	8	ai.onnx:18	images:FLOAT:1x3x640x640	output0:FLOAT:1x84x8400	611	820	79e57f0575e0877c41aff475c8fa337876c735698d642cf94118b9c77545d36d	FLOAT:308,INT32:102,INT8:204,UINT8:206	206	106	0	already-quantized-not-static-ptq-input	existing-read-only-project-evidence;external-publication-not-authorized
xslim_gate/dynamic/e2e_xslim_dynq.onnx	ae220ace468dcae3555a4f60fa051ae2ea2d560780bd3f2dd959d4670225cb3c	2778792	9	ai.onnx:24	images:FLOAT:1x3x640x640	output0:FLOAT:1x300x6	486	338	575810011c786b85fda90d7fbd42e245974c5c1865530cd6bb46807e3adb735f	FLOAT:209,INT64:19,INT8:110	102	0	6	already-quantized-not-static-ptq-input	existing-read-only-project-evidence;external-publication-not-authorized
xslim_gate/dynamic/traditional_xslim_dynq.onnx	fda140f340acc0ee1ee5517ca63e80410497f5e80e760f890b83642d4c7822ef	2769670	9	ai.onnx:24	images:FLOAT:1x3x640x640	output0:FLOAT:1x84x8400	470	333	3415b95e7a9f4e3806449ebf53435a1a49723d880f8e2b23f0715f7de3ac08eb	FLOAT:210,INT64:13,INT8:110	102	0	0	already-quantized-not-static-ptq-input	existing-read-only-project-evidence;external-publication-not-authorized
yolo26n.onnx	794b0a9e88a440ac09649ba1a328022243d63681dd79018338ba7796df33d2e7	9757728	8	ai.onnx:18	images:FLOAT:1x3x320x320	output0:FLOAT:1x84x2100	402	204	5f0e5bbfbaeea2f2394ec8e89e5d8634afa84ff6546f687f6c64e749edb2d6c5	FLOAT:204	0	0	0	split-tensor-contract-missing	existing-read-only-project-evidence;external-publication-not-authorized
