surface	kind	sha256	bytes	status
board-evidence/R211_PROJECT_EXACT_SPLIT_run1/fixed/bus_r640_nchw_f32-cpu	frequency_after	d147a93c8a65473a4433fa57b72f28e28d8ee44323af4fdd5eba281774f5532b	65	captured
board-evidence/R211_PROJECT_EXACT_SPLIT_run1/fixed/bus_r640_nchw_f32-cpu	frequency_before	d147a93c8a65473a4433fa57b72f28e28d8ee44323af4fdd5eba281774f5532b	65	captured
board-evidence/R211_PROJECT_EXACT_SPLIT_run1/fixed/bus_r640_nchw_f32-spacemit	frequency_after	d147a93c8a65473a4433fa57b72f28e28d8ee44323af4fdd5eba281774f5532b	65	captured
board-evidence/R211_PROJECT_EXACT_SPLIT_run1/fixed/bus_r640_nchw_f32-spacemit	frequency_before	d147a93c8a65473a4433fa57b72f28e28d8ee44323af4fdd5eba281774f5532b	65	captured
board-evidence/R211_PROJECT_EXACT_SPLIT_run1/fixed/images_F0_f32-cpu	frequency_after	d147a93c8a65473a4433fa57b72f28e28d8ee44323af4fdd5eba281774f5532b	65	captured
board-evidence/R211_PROJECT_EXACT_SPLIT_run1/fixed/images_F0_f32-cpu	frequency_before	d147a93c8a65473a4433fa57b72f28e28d8ee44323af4fdd5eba281774f5532b	65	captured
board-evidence/R211_PROJECT_EXACT_SPLIT_run1/fixed/images_F0_f32-spacemit	frequency_after	d147a93c8a65473a4433fa57b72f28e28d8ee44323af4fdd5eba281774f5532b	65	captured
board-evidence/R211_PROJECT_EXACT_SPLIT_run1/fixed/images_F0_f32-spacemit	frequency_before	d147a93c8a65473a4433fa57b72f28e28d8ee44323af4fdd5eba281774f5532b	65	captured
board-evidence/R211_PROJECT_EXACT_SPLIT_run1/fixed/zidane_r640_nchw_f32-cpu	frequency_after	d147a93c8a65473a4433fa57b72f28e28d8ee44323af4fdd5eba281774f5532b	65	captured
board-evidence/R211_PROJECT_EXACT_SPLIT_run1/fixed/zidane_r640_nchw_f32-cpu	frequency_before	d147a93c8a65473a4433fa57b72f28e28d8ee44323af4fdd5eba281774f5532b	65	captured
board-evidence/R211_PROJECT_EXACT_SPLIT_run1/fixed/zidane_r640_nchw_f32-spacemit	frequency_after	d147a93c8a65473a4433fa57b72f28e28d8ee44323af4fdd5eba281774f5532b	65	captured
board-evidence/R211_PROJECT_EXACT_SPLIT_run1/fixed/zidane_r640_nchw_f32-spacemit	frequency_before	d147a93c8a65473a4433fa57b72f28e28d8ee44323af4fdd5eba281774f5532b	65	captured
board-evidence/R211_PROJECT_EXACT_SPLIT_run1/performance/cpu-matched500	frequency_after	d147a93c8a65473a4433fa57b72f28e28d8ee44323af4fdd5eba281774f5532b	65	captured
board-evidence/R211_PROJECT_EXACT_SPLIT_run1/performance/cpu-matched500	frequency_before	d147a93c8a65473a4433fa57b72f28e28d8ee44323af4fdd5eba281774f5532b	65	captured
board-evidence/R211_PROJECT_EXACT_SPLIT_run1/performance/cpu-stability1000-profiled-partial	frequency_before	d147a93c8a65473a4433fa57b72f28e28d8ee44323af4fdd5eba281774f5532b	65	captured
board-evidence/R211_PROJECT_EXACT_SPLIT_run1/performance/spacemit-matched500	frequency_after	d147a93c8a65473a4433fa57b72f28e28d8ee44323af4fdd5eba281774f5532b	65	captured
board-evidence/R211_PROJECT_EXACT_SPLIT_run1/performance/spacemit-matched500	frequency_before	d147a93c8a65473a4433fa57b72f28e28d8ee44323af4fdd5eba281774f5532b	65	captured
board-evidence/R211_PROJECT_EXACT_SPLIT_run1/performance/spacemit-stability1000	frequency_after	d147a93c8a65473a4433fa57b72f28e28d8ee44323af4fdd5eba281774f5532b	65	captured
board-evidence/R211_PROJECT_EXACT_SPLIT_run1/performance/spacemit-stability1000	frequency_before	d147a93c8a65473a4433fa57b72f28e28d8ee44323af4fdd5eba281774f5532b	65	captured
board-evidence/R211_PROJECT_EXACT_SPLIT_run1/performance/wrapper-default-smoke-cpu	frequency_after	d147a93c8a65473a4433fa57b72f28e28d8ee44323af4fdd5eba281774f5532b	65	captured
board-evidence/R211_PROJECT_EXACT_SPLIT_run1/performance/wrapper-default-smoke-cpu	frequency_before	d147a93c8a65473a4433fa57b72f28e28d8ee44323af4fdd5eba281774f5532b	65	captured
board-evidence/R211_PROJECT_EXACT_SPLIT_run1/performance/wrapper-default-smoke-spacemit	frequency_after	d147a93c8a65473a4433fa57b72f28e28d8ee44323af4fdd5eba281774f5532b	65	captured
board-evidence/R211_PROJECT_EXACT_SPLIT_run1/performance/wrapper-default-smoke-spacemit	frequency_before	d147a93c8a65473a4433fa57b72f28e28d8ee44323af4fdd5eba281774f5532b	65	captured
board-evidence/R211_PROJECT_EXACT_SPLIT_run1/performance/wrapper-profile-optin-spacemit	frequency_after	d147a93c8a65473a4433fa57b72f28e28d8ee44323af4fdd5eba281774f5532b	65	captured
board-evidence/R211_PROJECT_EXACT_SPLIT_run1/performance/wrapper-profile-optin-spacemit	frequency_before	d147a93c8a65473a4433fa57b72f28e28d8ee44323af4fdd5eba281774f5532b	65	captured
board-evidence/R211_VENDOR_LITERAL_SPLIT_run1b/bus-cpu	frequency_after	d147a93c8a65473a4433fa57b72f28e28d8ee44323af4fdd5eba281774f5532b	65	captured
board-evidence/R211_VENDOR_LITERAL_SPLIT_run1b/bus-cpu	frequency_before	d147a93c8a65473a4433fa57b72f28e28d8ee44323af4fdd5eba281774f5532b	65	captured
board-evidence/R211_VENDOR_LITERAL_SPLIT_run1b/bus-spacemit	frequency_after	d147a93c8a65473a4433fa57b72f28e28d8ee44323af4fdd5eba281774f5532b	65	captured
board-evidence/R211_VENDOR_LITERAL_SPLIT_run1b/bus-spacemit	frequency_before	d147a93c8a65473a4433fa57b72f28e28d8ee44323af4fdd5eba281774f5532b	65	captured
board-evidence/R211_VENDOR_LITERAL_SPLIT_run1b/cpu-session-smoke	frequency_after	d147a93c8a65473a4433fa57b72f28e28d8ee44323af4fdd5eba281774f5532b	65	captured
board-evidence/R211_VENDOR_LITERAL_SPLIT_run1b/cpu-session-smoke	frequency_before	d147a93c8a65473a4433fa57b72f28e28d8ee44323af4fdd5eba281774f5532b	65	captured
board-evidence/R211_VENDOR_LITERAL_SPLIT_run1b/spacemit-session-smoke	frequency_after	d147a93c8a65473a4433fa57b72f28e28d8ee44323af4fdd5eba281774f5532b	65	captured
board-evidence/R211_VENDOR_LITERAL_SPLIT_run1b/spacemit-session-smoke	frequency_before	d147a93c8a65473a4433fa57b72f28e28d8ee44323af4fdd5eba281774f5532b	65	captured
board-evidence/R211_VENDOR_LITERAL_SPLIT_run1b/spacemit-soak10000	frequency_after	d147a93c8a65473a4433fa57b72f28e28d8ee44323af4fdd5eba281774f5532b	65	captured
board-evidence/R211_VENDOR_LITERAL_SPLIT_run1b/spacemit-soak10000	frequency_before	d147a93c8a65473a4433fa57b72f28e28d8ee44323af4fdd5eba281774f5532b	65	captured
board-evidence/R211_VENDOR_LITERAL_SPLIT_run1b/spacemit-stability1000	frequency_after	d147a93c8a65473a4433fa57b72f28e28d8ee44323af4fdd5eba281774f5532b	65	captured
board-evidence/R211_VENDOR_LITERAL_SPLIT_run1b/spacemit-stability1000	frequency_before	d147a93c8a65473a4433fa57b72f28e28d8ee44323af4fdd5eba281774f5532b	65	captured
board-evidence/R211_VENDOR_LITERAL_SPLIT_run1b/spacemit-stability1000-hash	frequency_after	d147a93c8a65473a4433fa57b72f28e28d8ee44323af4fdd5eba281774f5532b	65	captured
board-evidence/R211_VENDOR_LITERAL_SPLIT_run1b/spacemit-stability1000-hash	frequency_before	d147a93c8a65473a4433fa57b72f28e28d8ee44323af4fdd5eba281774f5532b	65	captured
board-evidence/R211_VENDOR_LITERAL_SPLIT_run1b/thread-scout/cpu-thread-scout-1	frequency_after	d147a93c8a65473a4433fa57b72f28e28d8ee44323af4fdd5eba281774f5532b	65	captured
board-evidence/R211_VENDOR_LITERAL_SPLIT_run1b/thread-scout/cpu-thread-scout-1	frequency_before	d147a93c8a65473a4433fa57b72f28e28d8ee44323af4fdd5eba281774f5532b	65	captured
board-evidence/R211_VENDOR_LITERAL_SPLIT_run1b/thread-scout/cpu-thread-scout-2	frequency_after	d147a93c8a65473a4433fa57b72f28e28d8ee44323af4fdd5eba281774f5532b	65	captured
board-evidence/R211_VENDOR_LITERAL_SPLIT_run1b/thread-scout/cpu-thread-scout-2	frequency_before	d147a93c8a65473a4433fa57b72f28e28d8ee44323af4fdd5eba281774f5532b	65	captured
board-evidence/R211_VENDOR_LITERAL_SPLIT_run1b/thread-scout/cpu-thread-scout-4	frequency_after	d147a93c8a65473a4433fa57b72f28e28d8ee44323af4fdd5eba281774f5532b	65	captured
board-evidence/R211_VENDOR_LITERAL_SPLIT_run1b/thread-scout/cpu-thread-scout-4	frequency_before	d147a93c8a65473a4433fa57b72f28e28d8ee44323af4fdd5eba281774f5532b	65	captured
board-evidence/R211_VENDOR_LITERAL_SPLIT_run1b/zidane-cpu	frequency_after	d147a93c8a65473a4433fa57b72f28e28d8ee44323af4fdd5eba281774f5532b	65	captured
board-evidence/R211_VENDOR_LITERAL_SPLIT_run1b/zidane-cpu	frequency_before	d147a93c8a65473a4433fa57b72f28e28d8ee44323af4fdd5eba281774f5532b	65	captured
board-evidence/R211_VENDOR_LITERAL_SPLIT_run1b/zidane-spacemit	frequency_after	d147a93c8a65473a4433fa57b72f28e28d8ee44323af4fdd5eba281774f5532b	65	captured
board-evidence/R211_VENDOR_LITERAL_SPLIT_run1b/zidane-spacemit	frequency_before	d147a93c8a65473a4433fa57b72f28e28d8ee44323af4fdd5eba281774f5532b	65	captured
board-evidence/fp32-split-reference-run2	frequency_after	31de8a547b2fe336f727639ee2e0bc2ffb8cf4d657147aee13d684a322c0f053	104	captured
board-evidence/fp32-split-reference-run2	frequency_before	31de8a547b2fe336f727639ee2e0bc2ffb8cf4d657147aee13d684a322c0f053	104	captured
board-evidence/performance/R211_PROJECT_EXACT_SPLIT_run1/spacemit-soak10000	frequency_after	d147a93c8a65473a4433fa57b72f28e28d8ee44323af4fdd5eba281774f5532b	65	captured
board-evidence/performance/R211_PROJECT_EXACT_SPLIT_run1/spacemit-soak10000	frequency_before	d147a93c8a65473a4433fa57b72f28e28d8ee44323af4fdd5eba281774f5532b	65	captured
board-evidence/R211_PROJECT_EXACT_SPLIT_run1/fixed/bus_r640_nchw_f32-cpu	thermal_after	e3b0c44298fc1c149afbf4c8996fb92427ae41e4649b934ca495991b7852b855	0	unavailable-no-thermal-zone
board-evidence/R211_PROJECT_EXACT_SPLIT_run1/fixed/bus_r640_nchw_f32-cpu	thermal_before	e3b0c44298fc1c149afbf4c8996fb92427ae41e4649b934ca495991b7852b855	0	unavailable-no-thermal-zone
board-evidence/R211_PROJECT_EXACT_SPLIT_run1/fixed/bus_r640_nchw_f32-spacemit	thermal_after	e3b0c44298fc1c149afbf4c8996fb92427ae41e4649b934ca495991b7852b855	0	unavailable-no-thermal-zone
board-evidence/R211_PROJECT_EXACT_SPLIT_run1/fixed/bus_r640_nchw_f32-spacemit	thermal_before	e3b0c44298fc1c149afbf4c8996fb92427ae41e4649b934ca495991b7852b855	0	unavailable-no-thermal-zone
board-evidence/R211_PROJECT_EXACT_SPLIT_run1/fixed/images_F0_f32-cpu	thermal_after	e3b0c44298fc1c149afbf4c8996fb92427ae41e4649b934ca495991b7852b855	0	unavailable-no-thermal-zone
board-evidence/R211_PROJECT_EXACT_SPLIT_run1/fixed/images_F0_f32-cpu	thermal_before	e3b0c44298fc1c149afbf4c8996fb92427ae41e4649b934ca495991b7852b855	0	unavailable-no-thermal-zone
board-evidence/R211_PROJECT_EXACT_SPLIT_run1/fixed/images_F0_f32-spacemit	thermal_after	e3b0c44298fc1c149afbf4c8996fb92427ae41e4649b934ca495991b7852b855	0	unavailable-no-thermal-zone
board-evidence/R211_PROJECT_EXACT_SPLIT_run1/fixed/images_F0_f32-spacemit	thermal_before	e3b0c44298fc1c149afbf4c8996fb92427ae41e4649b934ca495991b7852b855	0	unavailable-no-thermal-zone
board-evidence/R211_PROJECT_EXACT_SPLIT_run1/fixed/zidane_r640_nchw_f32-cpu	thermal_after	e3b0c44298fc1c149afbf4c8996fb92427ae41e4649b934ca495991b7852b855	0	unavailable-no-thermal-zone
board-evidence/R211_PROJECT_EXACT_SPLIT_run1/fixed/zidane_r640_nchw_f32-cpu	thermal_before	e3b0c44298fc1c149afbf4c8996fb92427ae41e4649b934ca495991b7852b855	0	unavailable-no-thermal-zone
board-evidence/R211_PROJECT_EXACT_SPLIT_run1/fixed/zidane_r640_nchw_f32-spacemit	thermal_after	e3b0c44298fc1c149afbf4c8996fb92427ae41e4649b934ca495991b7852b855	0	unavailable-no-thermal-zone
board-evidence/R211_PROJECT_EXACT_SPLIT_run1/fixed/zidane_r640_nchw_f32-spacemit	thermal_before	e3b0c44298fc1c149afbf4c8996fb92427ae41e4649b934ca495991b7852b855	0	unavailable-no-thermal-zone
board-evidence/R211_PROJECT_EXACT_SPLIT_run1/performance/cpu-matched500	thermal_after	e3b0c44298fc1c149afbf4c8996fb92427ae41e4649b934ca495991b7852b855	0	unavailable-no-thermal-zone
board-evidence/R211_PROJECT_EXACT_SPLIT_run1/performance/cpu-matched500	thermal_before	e3b0c44298fc1c149afbf4c8996fb92427ae41e4649b934ca495991b7852b855	0	unavailable-no-thermal-zone
board-evidence/R211_PROJECT_EXACT_SPLIT_run1/performance/cpu-stability1000-profiled-partial	thermal_before	e3b0c44298fc1c149afbf4c8996fb92427ae41e4649b934ca495991b7852b855	0	unavailable-no-thermal-zone
board-evidence/R211_PROJECT_EXACT_SPLIT_run1/performance/spacemit-matched500	thermal_after	e3b0c44298fc1c149afbf4c8996fb92427ae41e4649b934ca495991b7852b855	0	unavailable-no-thermal-zone
board-evidence/R211_PROJECT_EXACT_SPLIT_run1/performance/spacemit-matched500	thermal_before	e3b0c44298fc1c149afbf4c8996fb92427ae41e4649b934ca495991b7852b855	0	unavailable-no-thermal-zone
board-evidence/R211_PROJECT_EXACT_SPLIT_run1/performance/spacemit-stability1000	thermal_after	e3b0c44298fc1c149afbf4c8996fb92427ae41e4649b934ca495991b7852b855	0	unavailable-no-thermal-zone
board-evidence/R211_PROJECT_EXACT_SPLIT_run1/performance/spacemit-stability1000	thermal_before	e3b0c44298fc1c149afbf4c8996fb92427ae41e4649b934ca495991b7852b855	0	unavailable-no-thermal-zone
board-evidence/R211_PROJECT_EXACT_SPLIT_run1/performance/wrapper-default-smoke-cpu	thermal_after	e3b0c44298fc1c149afbf4c8996fb92427ae41e4649b934ca495991b7852b855	0	unavailable-no-thermal-zone
board-evidence/R211_PROJECT_EXACT_SPLIT_run1/performance/wrapper-default-smoke-cpu	thermal_before	e3b0c44298fc1c149afbf4c8996fb92427ae41e4649b934ca495991b7852b855	0	unavailable-no-thermal-zone
board-evidence/R211_PROJECT_EXACT_SPLIT_run1/performance/wrapper-default-smoke-spacemit	thermal_after	e3b0c44298fc1c149afbf4c8996fb92427ae41e4649b934ca495991b7852b855	0	unavailable-no-thermal-zone
board-evidence/R211_PROJECT_EXACT_SPLIT_run1/performance/wrapper-default-smoke-spacemit	thermal_before	e3b0c44298fc1c149afbf4c8996fb92427ae41e4649b934ca495991b7852b855	0	unavailable-no-thermal-zone
board-evidence/R211_PROJECT_EXACT_SPLIT_run1/performance/wrapper-profile-optin-spacemit	thermal_after	e3b0c44298fc1c149afbf4c8996fb92427ae41e4649b934ca495991b7852b855	0	unavailable-no-thermal-zone
board-evidence/R211_PROJECT_EXACT_SPLIT_run1/performance/wrapper-profile-optin-spacemit	thermal_before	e3b0c44298fc1c149afbf4c8996fb92427ae41e4649b934ca495991b7852b855	0	unavailable-no-thermal-zone
board-evidence/R211_VENDOR_LITERAL_SPLIT_run1b/bus-cpu	thermal_after	e3b0c44298fc1c149afbf4c8996fb92427ae41e4649b934ca495991b7852b855	0	unavailable-no-thermal-zone
board-evidence/R211_VENDOR_LITERAL_SPLIT_run1b/bus-cpu	thermal_before	e3b0c44298fc1c149afbf4c8996fb92427ae41e4649b934ca495991b7852b855	0	unavailable-no-thermal-zone
board-evidence/R211_VENDOR_LITERAL_SPLIT_run1b/bus-spacemit	thermal_after	e3b0c44298fc1c149afbf4c8996fb92427ae41e4649b934ca495991b7852b855	0	unavailable-no-thermal-zone
board-evidence/R211_VENDOR_LITERAL_SPLIT_run1b/bus-spacemit	thermal_before	e3b0c44298fc1c149afbf4c8996fb92427ae41e4649b934ca495991b7852b855	0	unavailable-no-thermal-zone
board-evidence/R211_VENDOR_LITERAL_SPLIT_run1b/cpu-session-smoke	thermal_after	e3b0c44298fc1c149afbf4c8996fb92427ae41e4649b934ca495991b7852b855	0	unavailable-no-thermal-zone
board-evidence/R211_VENDOR_LITERAL_SPLIT_run1b/cpu-session-smoke	thermal_before	e3b0c44298fc1c149afbf4c8996fb92427ae41e4649b934ca495991b7852b855	0	unavailable-no-thermal-zone
board-evidence/R211_VENDOR_LITERAL_SPLIT_run1b/spacemit-session-smoke	thermal_after	e3b0c44298fc1c149afbf4c8996fb92427ae41e4649b934ca495991b7852b855	0	unavailable-no-thermal-zone
board-evidence/R211_VENDOR_LITERAL_SPLIT_run1b/spacemit-session-smoke	thermal_before	e3b0c44298fc1c149afbf4c8996fb92427ae41e4649b934ca495991b7852b855	0	unavailable-no-thermal-zone
board-evidence/R211_VENDOR_LITERAL_SPLIT_run1b/spacemit-soak10000	thermal_after	e3b0c44298fc1c149afbf4c8996fb92427ae41e4649b934ca495991b7852b855	0	unavailable-no-thermal-zone
board-evidence/R211_VENDOR_LITERAL_SPLIT_run1b/spacemit-soak10000	thermal_before	e3b0c44298fc1c149afbf4c8996fb92427ae41e4649b934ca495991b7852b855	0	unavailable-no-thermal-zone
board-evidence/R211_VENDOR_LITERAL_SPLIT_run1b/spacemit-stability1000	thermal_after	e3b0c44298fc1c149afbf4c8996fb92427ae41e4649b934ca495991b7852b855	0	unavailable-no-thermal-zone
board-evidence/R211_VENDOR_LITERAL_SPLIT_run1b/spacemit-stability1000	thermal_before	e3b0c44298fc1c149afbf4c8996fb92427ae41e4649b934ca495991b7852b855	0	unavailable-no-thermal-zone
board-evidence/R211_VENDOR_LITERAL_SPLIT_run1b/spacemit-stability1000-hash	thermal_after	e3b0c44298fc1c149afbf4c8996fb92427ae41e4649b934ca495991b7852b855	0	unavailable-no-thermal-zone
board-evidence/R211_VENDOR_LITERAL_SPLIT_run1b/spacemit-stability1000-hash	thermal_before	e3b0c44298fc1c149afbf4c8996fb92427ae41e4649b934ca495991b7852b855	0	unavailable-no-thermal-zone
board-evidence/R211_VENDOR_LITERAL_SPLIT_run1b/thread-scout/cpu-thread-scout-1	thermal_after	e3b0c44298fc1c149afbf4c8996fb92427ae41e4649b934ca495991b7852b855	0	unavailable-no-thermal-zone
board-evidence/R211_VENDOR_LITERAL_SPLIT_run1b/thread-scout/cpu-thread-scout-1	thermal_before	e3b0c44298fc1c149afbf4c8996fb92427ae41e4649b934ca495991b7852b855	0	unavailable-no-thermal-zone
board-evidence/R211_VENDOR_LITERAL_SPLIT_run1b/thread-scout/cpu-thread-scout-2	thermal_after	e3b0c44298fc1c149afbf4c8996fb92427ae41e4649b934ca495991b7852b855	0	unavailable-no-thermal-zone
board-evidence/R211_VENDOR_LITERAL_SPLIT_run1b/thread-scout/cpu-thread-scout-2	thermal_before	e3b0c44298fc1c149afbf4c8996fb92427ae41e4649b934ca495991b7852b855	0	unavailable-no-thermal-zone
board-evidence/R211_VENDOR_LITERAL_SPLIT_run1b/thread-scout/cpu-thread-scout-4	thermal_after	e3b0c44298fc1c149afbf4c8996fb92427ae41e4649b934ca495991b7852b855	0	unavailable-no-thermal-zone
board-evidence/R211_VENDOR_LITERAL_SPLIT_run1b/thread-scout/cpu-thread-scout-4	thermal_before	e3b0c44298fc1c149afbf4c8996fb92427ae41e4649b934ca495991b7852b855	0	unavailable-no-thermal-zone
board-evidence/R211_VENDOR_LITERAL_SPLIT_run1b/zidane-cpu	thermal_after	e3b0c44298fc1c149afbf4c8996fb92427ae41e4649b934ca495991b7852b855	0	unavailable-no-thermal-zone
board-evidence/R211_VENDOR_LITERAL_SPLIT_run1b/zidane-cpu	thermal_before	e3b0c44298fc1c149afbf4c8996fb92427ae41e4649b934ca495991b7852b855	0	unavailable-no-thermal-zone
board-evidence/R211_VENDOR_LITERAL_SPLIT_run1b/zidane-spacemit	thermal_after	e3b0c44298fc1c149afbf4c8996fb92427ae41e4649b934ca495991b7852b855	0	unavailable-no-thermal-zone
board-evidence/R211_VENDOR_LITERAL_SPLIT_run1b/zidane-spacemit	thermal_before	e3b0c44298fc1c149afbf4c8996fb92427ae41e4649b934ca495991b7852b855	0	unavailable-no-thermal-zone
board-evidence/performance/R211_PROJECT_EXACT_SPLIT_run1/spacemit-soak10000	thermal_after	e3b0c44298fc1c149afbf4c8996fb92427ae41e4649b934ca495991b7852b855	0	unavailable-no-thermal-zone
board-evidence/performance/R211_PROJECT_EXACT_SPLIT_run1/spacemit-soak10000	thermal_before	e3b0c44298fc1c149afbf4c8996fb92427ae41e4649b934ca495991b7852b855	0	unavailable-no-thermal-zone
coco/R211_PROJECT_EXACT_SPLIT_run1/cpu-full5000	frequency_after	d147a93c8a65473a4433fa57b72f28e28d8ee44323af4fdd5eba281774f5532b	65	captured
coco/R211_PROJECT_EXACT_SPLIT_run1/cpu-full5000	frequency_before	d147a93c8a65473a4433fa57b72f28e28d8ee44323af4fdd5eba281774f5532b	65	captured
coco/R211_PROJECT_EXACT_SPLIT_run1/spacemit-full5000	frequency_after	d147a93c8a65473a4433fa57b72f28e28d8ee44323af4fdd5eba281774f5532b	65	captured
coco/R211_PROJECT_EXACT_SPLIT_run1/spacemit-full5000	frequency_before	d147a93c8a65473a4433fa57b72f28e28d8ee44323af4fdd5eba281774f5532b	65	captured
coco/R211_PROJECT_EXACT_SPLIT_run1/cpu-full5000	thermal_after	e3b0c44298fc1c149afbf4c8996fb92427ae41e4649b934ca495991b7852b855	0	unavailable-no-thermal-zone
coco/R211_PROJECT_EXACT_SPLIT_run1/cpu-full5000	thermal_before	e3b0c44298fc1c149afbf4c8996fb92427ae41e4649b934ca495991b7852b855	0	unavailable-no-thermal-zone
coco/R211_PROJECT_EXACT_SPLIT_run1/spacemit-full5000	thermal_after	e3b0c44298fc1c149afbf4c8996fb92427ae41e4649b934ca495991b7852b855	0	unavailable-no-thermal-zone
coco/R211_PROJECT_EXACT_SPLIT_run1/spacemit-full5000	thermal_before	e3b0c44298fc1c149afbf4c8996fb92427ae41e4649b934ca495991b7852b855	0	unavailable-no-thermal-zone
