surface	metric	profiling	samples	mean_us	stddev_us	cv_pct	median_us	p95_us	p99_us	p999_us	min_us	max_us	unique_output_hashes	output_hashes
R211_VENDOR_LITERAL_SPLIT_run1b/thread-scout/cpu-thread-scout-1	inference	enabled	10	8539950.181200	3219.602150	0.037700	8539474.961000	8545129.926450	8545236.356490	8545260.303249	8533693.578000	8545262.964000	1	0x36bb741156971738
R211_VENDOR_LITERAL_SPLIT_run1b/thread-scout/cpu-thread-scout-1	tail	enabled	10	31859.757500	172.203838	0.540506	31897.894500	32058.685550	32117.394710	32130.604271	31538.642000	32132.072000	1	0x36bb741156971738
R211_VENDOR_LITERAL_SPLIT_run1b/thread-scout/cpu-thread-scout-1	two_stage_total	enabled	10	8571809.938700	3108.095138	0.036259	8571383.776000	8576844.315700	8576872.271140	8576878.561114	8565825.650000	8576879.260000	1	0x36bb741156971738
R211_VENDOR_LITERAL_SPLIT_run1b/thread-scout/cpu-thread-scout-2	inference	enabled	10	4999888.305800	6318.843292	0.126380	4999826.292000	5009813.321250	5009980.028250	5010017.537325	4988933.886000	5010021.705000	1	0x36bb741156971738
R211_VENDOR_LITERAL_SPLIT_run1b/thread-scout/cpu-thread-scout-2	tail	enabled	10	20667.260400	205.446997	0.994070	20733.381000	20860.444300	20861.180860	20861.346586	20203.227000	20861.365000	1	0x36bb741156971738
R211_VENDOR_LITERAL_SPLIT_run1b/thread-scout/cpu-thread-scout-2	two_stage_total	enabled	10	5020555.566200	6332.622077	0.126134	5020533.090500	5030554.862750	5030694.659750	5030726.114075	5009662.329000	5030729.609000	1	0x36bb741156971738
R211_VENDOR_LITERAL_SPLIT_run1b/thread-scout/cpu-thread-scout-4	inference	enabled	10	3236005.389700	44707.190085	1.381555	3214898.382000	3325831.212000	3333483.789600	3335205.619560	3210288.494000	3335396.934000	1	0x36bb741156971738
R211_VENDOR_LITERAL_SPLIT_run1b/thread-scout/cpu-thread-scout-4	tail	enabled	10	15313.647700	188.066679	1.228099	15360.994500	15528.019350	15580.535070	15592.351107	14949.822000	15593.664000	1	0x36bb741156971738
R211_VENDOR_LITERAL_SPLIT_run1b/thread-scout/cpu-thread-scout-4	two_stage_total	enabled	10	3251319.037400	44788.502013	1.377549	3230189.083500	3341302.568250	3349052.992050	3350796.837405	3225681.364000	3350990.598000	1	0x36bb741156971738
